strikePrice,expiryDate,CE,PE
22800,03-Jul-2025,"{'strikePrice': 22800, 'expiryDate': '03-Jul-2025', 'underlying': 'NIFTY', 'identifier': 'OPTIDXNIFTY03-07-2025CE22800.00', 'openInterest': 127, 'changeinOpenInterest': 28, 'pchangeinOpenInterest': 28.282828282828284, 'totalTradedVolume': 33, 'impliedVolatility': 0, 'lastPrice': 2720, 'change': 273.25, 'pChange': 11.167875753550629, 'totalBuyQuantity': 4650, 'totalSellQuantity': 3075, 'bidQty': 750, 'bidprice': 2671.7, 'askQty': 75, 'askPrice': 2789.95, 'underlyingValue': 25549}","{'strikePrice': 22800, 'expiryDate': '03-Jul-2025', 'underlying': 'NIFTY', 'identifier': 'OPTIDXNIFTY03-07-2025PE22800.00', 'openInterest': 63154, 'changeinOpenInterest': 45685, 'pchangeinOpenInterest': 261.52040757914017, 'totalTradedVolume': 120775, 'impliedVolatility': 32.34, 'lastPrice': 1.75, 'change': -0.8500000000000001, 'pChange': -32.69230769230769, 'totalBuyQuantity': 834450, 'totalSellQuantity': 166125, 'bidQty': 825, 'bidprice': 1.7, 'askQty': 5850, 'askPrice': 1.75, 'underlyingValue': 25549}"
22850,03-Jul-2025,"{'strikePrice': 22850, 'expiryDate': '03-Jul-2025', 'underlying': 'NIFTY', 'identifier': 'OPTIDXNIFTY03-07-2025CE22850.00', 'openInterest': 6, 'changeinOpenInterest': 0, 'pchangeinOpenInterest': 0, 'totalTradedVolume': 0, 'impliedVolatility': 0, 'lastPrice': 0, 'change': 0, 'pChange': 0, 'totalBuyQuantity': 4650, 'totalSellQuantity': 3000, 'bidQty': 750, 'bidprice': 2622, 'askQty': 750, 'askPrice': 2740.45, 'underlyingValue': 25549}","{'strikePrice': 22850, 'expiryDate': '03-Jul-2025', 'underlying': 'NIFTY', 'identifier': 'OPTIDXNIFTY03-07-2025PE22850.00', 'openInterest': 5937, 'changeinOpenInterest': 5512, 'pchangeinOpenInterest': 1296.9411764705883, 'totalTradedVolume': 12107, 'impliedVolatility': 31.79, 'lastPrice': 1.75, 'change': -1.1, 'pChange': -38.59649122807018, 'totalBuyQuantity': 101025, 'totalSellQuantity': 45225, 'bidQty': 900, 'bidprice': 1.75, 'askQty': 3600, 'askPrice': 1.8, 'underlyingValue': 25549}"
22900,03-Jul-2025,"{'strikePrice': 22900, 'expiryDate': '03-Jul-2025', 'underlying': 'NIFTY', 'identifier': 'OPTIDXNIFTY03-07-2025CE22900.00', 'openInterest': 13, 'changeinOpenInterest': 6, 'pchangeinOpenInterest': 85.71428571428571, 'totalTradedVolume': 11, 'impliedVolatility': 0, 'lastPrice': 2629.25, 'change': 317, 'pChange': 13.709590225970375, 'totalBuyQuantity': 4650, 'totalSellQuantity': 3075, 'bidQty': 750, 'bidprice': 2571.95, 'askQty': 750, 'askPrice': 2680.5, 'underlyingValue': 25549}","{'strikePrice': 22900, 'expiryDate': '03-Jul-2025', 'underlying': 'NIFTY', 'identifier': 'OPTIDXNIFTY03-07-2025PE22900.00', 'openInterest': 11177, 'changeinOpenInterest': 10151, 'pchangeinOpenInterest': 989.3762183235867, 'totalTradedVolume': 23880, 'impliedVolatility': 31.34, 'lastPrice': 1.8, 'change': -1.2499999999999998, 'pChange': -40.983606557377044, 'totalBuyQuantity': 107850, 'totalSellQuantity': 64800, 'bidQty': 750, 'bidprice': 1.65, 'askQty': 18450, 'askPrice': 1.8, 'underlyingValue': 25549}"
22950,03-Jul-2025,"{'strikePrice': 22950, 'expiryDate': '03-Jul-2025', 'underlying': 'NIFTY', 'identifier': 'OPTIDXNIFTY03-07-2025CE22950.00', 'openInterest': 14, 'changeinOpenInterest': 7, 'pchangeinOpenInterest': 100, 'totalTradedVolume': 12, 'impliedVolatility': 0, 'lastPrice': 2574.65, 'change': 300.8000000000002, 'pChange': 13.22866503947051, 'totalBuyQuantity': 3900, 'totalSellQuantity': 3075, 'bidQty': 1725, 'bidprice': 2257.25, 'askQty': 750, 'askPrice': 2611.35, 'underlyingValue': 25549}","{'strikePrice': 22950, 'expiryDate': '03-Jul-2025', 'underlying': 'NIFTY', 'identifier': 'OPTIDXNIFTY03-07-2025PE22950.00', 'openInterest': 1247, 'changeinOpenInterest': 1038, 'pchangeinOpenInterest': 496.6507177033493, 'totalTradedVolume': 3652, 'impliedVolatility': 30.88, 'lastPrice': 1.85, 'change': -1.2999999999999998, 'pChange': -41.269841269841265, 'totalBuyQuantity': 46050, 'totalSellQuantity': 15150, 'bidQty': 300, 'bidprice': 1.85, 'askQty': 1800, 'askPrice': 2, 'underlyingValue': 25549}"
23000,03-Jul-2025,"{'strikePrice': 23000, 'expiryDate': '03-Jul-2025', 'underlying': 'NIFTY', 'identifier': 'OPTIDXNIFTY03-07-2025CE23000.00', 'openInterest': 478, 'changeinOpenInterest': 330, 'pchangeinOpenInterest': 222.97297297297297, 'totalTradedVolume': 363, 'impliedVolatility': 0, 'lastPrice': 2513.9, 'change': 270.0999999999999, 'pChange': 12.037614760673852, 'totalBuyQuantity': 6450, 'totalSellQuantity': 3375, 'bidQty': 750, 'bidprice': 2472.95, 'askQty': 300, 'askPrice': 2585.25, 'underlyingValue': 25549}","{'strikePrice': 23000, 'expiryDate': '03-Jul-2025', 'underlying': 'NIFTY', 'identifier': 'OPTIDXNIFTY03-07-2025PE23000.00', 'openInterest': 35022, 'changeinOpenInterest': 23202, 'pchangeinOpenInterest': 196.2944162436548, 'totalTradedVolume': 114144, 'impliedVolatility': 30.32, 'lastPrice': 1.85, 'change': -1.5, 'pChange': -44.776119402985074, 'totalBuyQuantity': 265800, 'totalSellQuantity': 111450, 'bidQty': 13500, 'bidprice': 1.8, 'askQty': 450, 'askPrice': 1.95, 'underlyingValue': 25549}"
23050,03-Jul-2025,"{'strikePrice': 23050, 'expiryDate': '03-Jul-2025', 'underlying': 'NIFTY', 'identifier': 'OPTIDXNIFTY03-07-2025CE23050.00', 'openInterest': 5, 'changeinOpenInterest': 0, 'pchangeinOpenInterest': 0, 'totalTradedVolume': 0, 'impliedVolatility': 0, 'lastPrice': 0, 'change': 0, 'pChange': 0, 'totalBuyQuantity': 4650, 'totalSellQuantity': 4650, 'bidQty': 750, 'bidprice': 2423.15, 'askQty': 750, 'askPrice': 2539.95, 'underlyingValue': 25549}","{'strikePrice': 23050, 'expiryDate': '03-Jul-2025', 'underlying': 'NIFTY', 'identifier': 'OPTIDXNIFTY03-07-2025PE23050.00', 'openInterest': 1132, 'changeinOpenInterest': 952, 'pchangeinOpenInterest': 528.8888888888889, 'totalTradedVolume': 3175, 'impliedVolatility': 30.75, 'lastPrice': 2.45, 'change': -1, 'pChange': -28.985507246376812, 'totalBuyQuantity': 44025, 'totalSellQuantity': 13425, 'bidQty': 7500, 'bidprice': 1.6, 'askQty': 3600, 'askPrice': 2.05, 'underlyingValue': 25549}"
23100,03-Jul-2025,"{'strikePrice': 23100, 'expiryDate': '03-Jul-2025', 'underlying': 'NIFTY', 'identifier': 'OPTIDXNIFTY03-07-2025CE23100.00', 'openInterest': 15, 'changeinOpenInterest': 0, 'pchangeinOpenInterest': 0, 'totalTradedVolume': 4, 'impliedVolatility': 0, 'lastPrice': 2250, 'change': 100, 'pChange': 4.651162790697675, 'totalBuyQuantity': 5025, 'totalSellQuantity': 3900, 'bidQty': 750, 'bidprice': 2400.85, 'askQty': 450, 'askPrice': 2489.85, 'underlyingValue': 25549}","{'strikePrice': 23100, 'expiryDate': '03-Jul-2025', 'underlying': 'NIFTY', 'identifier': 'OPTIDXNIFTY03-07-2025PE23100.00', 'openInterest': 9576, 'changeinOpenInterest': 8561, 'pchangeinOpenInterest': 843.448275862069, 'totalTradedVolume': 23662, 'impliedVolatility': 29.3, 'lastPrice': 1.9, 'change': -1.7000000000000002, 'pChange': -47.22222222222223, 'totalBuyQuantity': 41475, 'totalSellQuantity': 14175, 'bidQty': 2175, 'bidprice': 1.85, 'askQty': 1425, 'askPrice': 1.9, 'underlyingValue': 25549}"
23150,03-Jul-2025,"{'strikePrice': 23150, 'expiryDate': '03-Jul-2025', 'underlying': 'NIFTY', 'identifier': 'OPTIDXNIFTY03-07-2025CE23150.00', 'openInterest': 5, 'changeinOpenInterest': 0, 'pchangeinOpenInterest': 0, 'totalTradedVolume': 0, 'impliedVolatility': 0, 'lastPrice': 0, 'change': 0, 'pChange': 0, 'totalBuyQuantity': 4200, 'totalSellQuantity': 4200, 'bidQty': 750, 'bidprice': 2323.65, 'askQty': 750, 'askPrice': 2440.05, 'underlyingValue': 25549}","{'strikePrice': 23150, 'expiryDate': '03-Jul-2025', 'underlying': 'NIFTY', 'identifier': 'OPTIDXNIFTY03-07-2025PE23150.00', 'openInterest': 772, 'changeinOpenInterest': 471, 'pchangeinOpenInterest': 156.47840531561462, 'totalTradedVolume': 4203, 'impliedVolatility': 29.24, 'lastPrice': 2.2, 'change': -1.5499999999999998, 'pChange': -41.33333333333333, 'totalBuyQuantity': 30600, 'totalSellQuantity': 4125, 'bidQty': 3600, 'bidprice': 1.5, 'askQty': 450, 'askPrice': 2.2, 'underlyingValue': 25549}"
23200,03-Jul-2025,"{'strikePrice': 23200, 'expiryDate': '03-Jul-2025', 'underlying': 'NIFTY', 'identifier': 'OPTIDXNIFTY03-07-2025CE23200.00', 'openInterest': 22, 'changeinOpenInterest': 16, 'pchangeinOpenInterest': 266.6666666666667, 'totalTradedVolume': 19, 'impliedVolatility': 0, 'lastPrice': 2185, 'change': 127.65000000000009, 'pChange': 6.204583566238127, 'totalBuyQuantity': 4125, 'totalSellQuantity': 3900, 'bidQty': 75, 'bidprice': 2317.1, 'askQty': 450, 'askPrice': 2389.9, 'underlyingValue': 25549}","{'strikePrice': 23200, 'expiryDate': '03-Jul-2025', 'underlying': 'NIFTY', 'identifier': 'OPTIDXNIFTY03-07-2025PE23200.00', 'openInterest': 7599, 'changeinOpenInterest': 4872, 'pchangeinOpenInterest': 178.65786578657867, 'totalTradedVolume': 29938, 'impliedVolatility': 28.36, 'lastPrice': 2, 'change': -2, 'pChange': -50, 'totalBuyQuantity': 41625, 'totalSellQuantity': 15525, 'bidQty': 225, 'bidprice': 2, 'askQty': 600, 'askPrice': 2.05, 'underlyingValue': 25549}"
23250,03-Jul-2025,"{'strikePrice': 23250, 'expiryDate': '03-Jul-2025', 'underlying': 'NIFTY', 'identifier': 'OPTIDXNIFTY03-07-2025CE23250.00', 'openInterest': 5, 'changeinOpenInterest': 0, 'pchangeinOpenInterest': 0, 'totalTradedVolume': 0, 'impliedVolatility': 0, 'lastPrice': 0, 'change': 0, 'pChange': 0, 'totalBuyQuantity': 4650, 'totalSellQuantity': 3000, 'bidQty': 750, 'bidprice': 2224.3, 'askQty': 750, 'askPrice': 2341.7, 'underlyingValue': 25549}","{'strikePrice': 23250, 'expiryDate': '03-Jul-2025', 'underlying': 'NIFTY', 'identifier': 'OPTIDXNIFTY03-07-2025PE23250.00', 'openInterest': 704, 'changeinOpenInterest': 137, 'pchangeinOpenInterest': 24.16225749559083, 'totalTradedVolume': 2050, 'impliedVolatility': 27.64, 'lastPrice': 1.9, 'change': -2.1999999999999997, 'pChange': -53.65853658536586, 'totalBuyQuantity': 30525, 'totalSellQuantity': 7875, 'bidQty': 1800, 'bidprice': 1.45, 'askQty': 300, 'askPrice': 2.7, 'underlyingValue': 25549}"
23300,03-Jul-2025,"{'strikePrice': 23300, 'expiryDate': '03-Jul-2025', 'underlying': 'NIFTY', 'identifier': 'OPTIDXNIFTY03-07-2025CE23300.00', 'openInterest': 12, 'changeinOpenInterest': 1, 'pchangeinOpenInterest': 9.090909090909092, 'totalTradedVolume': 8, 'impliedVolatility': 0, 'lastPrice': 2222, 'change': 264.4000000000001, 'pChange': 13.506334286881902, 'totalBuyQuantity': 4725, 'totalSellQuantity': 4725, 'bidQty': 750, 'bidprice': 2174.35, 'askQty': 75, 'askPrice': 2261.15, 'underlyingValue': 25549}","{'strikePrice': 23300, 'expiryDate': '03-Jul-2025', 'underlying': 'NIFTY', 'identifier': 'OPTIDXNIFTY03-07-2025PE23300.00', 'openInterest': 3677, 'changeinOpenInterest': 1847, 'pchangeinOpenInterest': 100.92896174863388, 'totalTradedVolume': 14906, 'impliedVolatility': 27.32, 'lastPrice': 2.05, 'change': -2.25, 'pChange': -52.32558139534884, 'totalBuyQuantity': 35250, 'totalSellQuantity': 15075, 'bidQty': 450, 'bidprice': 2.05, 'askQty': 1800, 'askPrice': 2.35, 'underlyingValue': 25549}"
23350,03-Jul-2025,"{'strikePrice': 23350, 'expiryDate': '03-Jul-2025', 'underlying': 'NIFTY', 'identifier': 'OPTIDXNIFTY03-07-2025CE23350.00', 'openInterest': 5, 'changeinOpenInterest': 0, 'pchangeinOpenInterest': 0, 'totalTradedVolume': 0, 'impliedVolatility': 0, 'lastPrice': 0, 'change': 0, 'pChange': 0, 'totalBuyQuantity': 4650, 'totalSellQuantity': 3000, 'bidQty': 750, 'bidprice': 2124.7, 'askQty': 750, 'askPrice': 2240.9, 'underlyingValue': 25549}","{'strikePrice': 23350, 'expiryDate': '03-Jul-2025', 'underlying': 'NIFTY', 'identifier': 'OPTIDXNIFTY03-07-2025PE23350.00', 'openInterest': 1039, 'changeinOpenInterest': 318, 'pchangeinOpenInterest': 44.10540915395284, 'totalTradedVolume': 3837, 'impliedVolatility': 26.84, 'lastPrice': 2.1, 'change': -2.4999999999999996, 'pChange': -54.347826086956516, 'totalBuyQuantity': 34125, 'totalSellQuantity': 5325, 'bidQty': 150, 'bidprice': 2.1, 'askQty': 1650, 'askPrice': 5, 'underlyingValue': 25549}"
23400,03-Jul-2025,"{'strikePrice': 23400, 'expiryDate': '03-Jul-2025', 'underlying': 'NIFTY', 'identifier': 'OPTIDXNIFTY03-07-2025CE23400.00', 'openInterest': 25, 'changeinOpenInterest': 13, 'pchangeinOpenInterest': 108.33333333333333, 'totalTradedVolume': 14, 'impliedVolatility': 0, 'lastPrice': 1955, 'change': 95.54999999999995, 'pChange': 5.138616257495494, 'totalBuyQuantity': 5025, 'totalSellQuantity': 2250, 'bidQty': 750, 'bidprice': 2100.65, 'askQty': 450, 'askPrice': 2190.85, 'underlyingValue': 25549}","{'strikePrice': 23400, 'expiryDate': '03-Jul-2025', 'underlying': 'NIFTY', 'identifier': 'OPTIDXNIFTY03-07-2025PE23400.00', 'openInterest': 6367, 'changeinOpenInterest': 4671, 'pchangeinOpenInterest': 275.4127358490566, 'totalTradedVolume': 25089, 'impliedVolatility': 26.43, 'lastPrice': 2.2, 'change': -2.5999999999999996, 'pChange': -54.166666666666664, 'totalBuyQuantity': 37350, 'totalSellQuantity': 20325, 'bidQty': 225, 'bidprice': 2.15, 'askQty': 375, 'askPrice': 2.2, 'underlyingValue': 25549}"
23450,03-Jul-2025,"{'strikePrice': 23450, 'expiryDate': '03-Jul-2025', 'underlying': 'NIFTY', 'identifier': 'OPTIDXNIFTY03-07-2025CE23450.00', 'openInterest': 5, 'changeinOpenInterest': 0, 'pchangeinOpenInterest': 0, 'totalTradedVolume': 2, 'impliedVolatility': 0, 'lastPrice': 1900, 'change': 286.6500000000001, 'pChange': 17.767378436173185, 'totalBuyQuantity': 4200, 'totalSellQuantity': 1800, 'bidQty': 750, 'bidprice': 2025.25, 'askQty': 75, 'askPrice': 2281.3, 'underlyingValue': 25549}","{'strikePrice': 23450, 'expiryDate': '03-Jul-2025', 'underlying': 'NIFTY', 'identifier': 'OPTIDXNIFTY03-07-2025PE23450.00', 'openInterest': 553, 'changeinOpenInterest': 148, 'pchangeinOpenInterest': 36.54320987654321, 'totalTradedVolume': 3406, 'impliedVolatility': 26.27, 'lastPrice': 2.5, 'change': -2.45, 'pChange': -49.494949494949495, 'totalBuyQuantity': 27000, 'totalSellQuantity': 11100, 'bidQty': 1800, 'bidprice': 1.65, 'askQty': 75, 'askPrice': 4, 'underlyingValue': 25549}"
23500,03-Jul-2025,"{'strikePrice': 23500, 'expiryDate': '03-Jul-2025', 'underlying': 'NIFTY', 'identifier': 'OPTIDXNIFTY03-07-2025CE23500.00', 'openInterest': 404, 'changeinOpenInterest': 172, 'pchangeinOpenInterest': 74.13793103448276, 'totalTradedVolume': 184, 'impliedVolatility': 0, 'lastPrice': 2022.9, 'change': 277.1500000000001, 'pChange': 15.875698124015472, 'totalBuyQuantity': 5400, 'totalSellQuantity': 2475, 'bidQty': 750, 'bidprice': 2011.15, 'askQty': 225, 'askPrice': 2037.4, 'underlyingValue': 25549}","{'strikePrice': 23500, 'expiryDate': '03-Jul-2025', 'underlying': 'NIFTY', 'identifier': 'OPTIDXNIFTY03-07-2025PE23500.00', 'openInterest': 44313, 'changeinOpenInterest': 28806, 'pchangeinOpenInterest': 185.7612691042755, 'totalTradedVolume': 140261, 'impliedVolatility': 25.44, 'lastPrice': 2.3, 'change': -2.8500000000000005, 'pChange': -55.33980582524273, 'totalBuyQuantity': 97650, 'totalSellQuantity': 84300, 'bidQty': 900, 'bidprice': 2.25, 'askQty': 750, 'askPrice': 2.35, 'underlyingValue': 25549}"
23550,03-Jul-2025,"{'strikePrice': 23550, 'expiryDate': '03-Jul-2025', 'underlying': 'NIFTY', 'identifier': 'OPTIDXNIFTY03-07-2025CE23550.00', 'openInterest': 9, 'changeinOpenInterest': 5, 'pchangeinOpenInterest': 125, 'totalTradedVolume': 10, 'impliedVolatility': 0, 'lastPrice': 1955, 'change': 445.25, 'pChange': 29.491637688359003, 'totalBuyQuantity': 4650, 'totalSellQuantity': 4650, 'bidQty': 750, 'bidprice': 1926, 'askQty': 750, 'askPrice': 2040, 'underlyingValue': 25549}","{'strikePrice': 23550, 'expiryDate': '03-Jul-2025', 'underlying': 'NIFTY', 'identifier': 'OPTIDXNIFTY03-07-2025PE23550.00', 'openInterest': 1541, 'changeinOpenInterest': 765, 'pchangeinOpenInterest': 98.58247422680412, 'totalTradedVolume': 6131, 'impliedVolatility': 25.25, 'lastPrice': 2.6, 'change': -2.9499999999999997, 'pChange': -53.153153153153156, 'totalBuyQuantity': 17475, 'totalSellQuantity': 19125, 'bidQty': 1950, 'bidprice': 2.4, 'askQty': 10200, 'askPrice': 2.6, 'underlyingValue': 25549}"
23600,03-Jul-2025,"{'strikePrice': 23600, 'expiryDate': '03-Jul-2025', 'underlying': 'NIFTY', 'identifier': 'OPTIDXNIFTY03-07-2025CE23600.00', 'openInterest': 14, 'changeinOpenInterest': 4, 'pchangeinOpenInterest': 40, 'totalTradedVolume': 6, 'impliedVolatility': 0, 'lastPrice': 1820, 'change': 170, 'pChange': 10.303030303030303, 'totalBuyQuantity': 5025, 'totalSellQuantity': 2400, 'bidQty': 750, 'bidprice': 1906.5, 'askQty': 150, 'askPrice': 1937.55, 'underlyingValue': 25549}","{'strikePrice': 23600, 'expiryDate': '03-Jul-2025', 'underlying': 'NIFTY', 'identifier': 'OPTIDXNIFTY03-07-2025PE23600.00', 'openInterest': 11549, 'changeinOpenInterest': 7404, 'pchangeinOpenInterest': 178.6248492159228, 'totalTradedVolume': 43340, 'impliedVolatility': 24.74, 'lastPrice': 2.65, 'change': -3.1, 'pChange': -53.91304347826087, 'totalBuyQuantity': 13725, 'totalSellQuantity': 20925, 'bidQty': 300, 'bidprice': 2.55, 'askQty': 300, 'askPrice': 2.65, 'underlyingValue': 25549}"
23650,03-Jul-2025,"{'strikePrice': 23650, 'expiryDate': '03-Jul-2025', 'underlying': 'NIFTY', 'identifier': 'OPTIDXNIFTY03-07-2025CE23650.00', 'openInterest': 5, 'changeinOpenInterest': 0, 'pchangeinOpenInterest': 0, 'totalTradedVolume': 0, 'impliedVolatility': 0, 'lastPrice': 0, 'change': 0, 'pChange': 0, 'totalBuyQuantity': 4650, 'totalSellQuantity': 4650, 'bidQty': 750, 'bidprice': 1826.7, 'askQty': 750, 'askPrice': 1940.85, 'underlyingValue': 25549}","{'strikePrice': 23650, 'expiryDate': '03-Jul-2025', 'underlying': 'NIFTY', 'identifier': 'OPTIDXNIFTY03-07-2025PE23650.00', 'openInterest': 1271, 'changeinOpenInterest': 626, 'pchangeinOpenInterest': 97.05426356589147, 'totalTradedVolume': 4189, 'impliedVolatility': 24.16, 'lastPrice': 2.65, 'change': -3.4, 'pChange': -56.19834710743802, 'totalBuyQuantity': 11925, 'totalSellQuantity': 9600, 'bidQty': 450, 'bidprice': 2.7, 'askQty': 450, 'askPrice': 3, 'underlyingValue': 25549}"
23700,03-Jul-2025,"{'strikePrice': 23700, 'expiryDate': '03-Jul-2025', 'underlying': 'NIFTY', 'identifier': 'OPTIDXNIFTY03-07-2025CE23700.00', 'openInterest': 57, 'changeinOpenInterest': 34, 'pchangeinOpenInterest': 147.82608695652175, 'totalTradedVolume': 38, 'impliedVolatility': 0, 'lastPrice': 1794.4, 'change': 238.80000000000018, 'pChange': 15.350989971715107, 'totalBuyQuantity': 4725, 'totalSellQuantity': 4650, 'bidQty': 150, 'bidprice': 1820.15, 'askQty': 750, 'askPrice': 1891.25, 'underlyingValue': 25549}","{'strikePrice': 23700, 'expiryDate': '03-Jul-2025', 'underlying': 'NIFTY', 'identifier': 'OPTIDXNIFTY03-07-2025PE23700.00', 'openInterest': 19639, 'changeinOpenInterest': 8846, 'pchangeinOpenInterest': 81.96052997313073, 'totalTradedVolume': 68266, 'impliedVolatility': 23.81, 'lastPrice': 2.85, 'change': -3.5500000000000003, 'pChange': -55.46875, 'totalBuyQuantity': 92775, 'totalSellQuantity': 21675, 'bidQty': 1425, 'bidprice': 2.85, 'askQty': 750, 'askPrice': 3, 'underlyingValue': 25549}"
23750,03-Jul-2025,"{'strikePrice': 23750, 'expiryDate': '03-Jul-2025', 'underlying': 'NIFTY', 'identifier': 'OPTIDXNIFTY03-07-2025CE23750.00', 'openInterest': 12, 'changeinOpenInterest': 0, 'pchangeinOpenInterest': 0, 'totalTradedVolume': 1, 'impliedVolatility': 0, 'lastPrice': 1571.9, 'change': 59.55000000000018, 'pChange': 3.9375805865044593, 'totalBuyQuantity': 4650, 'totalSellQuantity': 3900, 'bidQty': 750, 'bidprice': 1727.55, 'askQty': 450, 'askPrice': 1841.65, 'underlyingValue': 25549}","{'strikePrice': 23750, 'expiryDate': '03-Jul-2025', 'underlying': 'NIFTY', 'identifier': 'OPTIDXNIFTY03-07-2025PE23750.00', 'openInterest': 1306, 'changeinOpenInterest': 571, 'pchangeinOpenInterest': 77.68707482993197, 'totalTradedVolume': 6101, 'impliedVolatility': 23.39, 'lastPrice': 3, 'change': -3.75, 'pChange': -55.55555555555556, 'totalBuyQuantity': 19500, 'totalSellQuantity': 6600, 'bidQty': 225, 'bidprice': 3.05, 'askQty': 1650, 'askPrice': 3.3, 'underlyingValue': 25549}"
23800,03-Jul-2025,"{'strikePrice': 23800, 'expiryDate': '03-Jul-2025', 'underlying': 'NIFTY', 'identifier': 'OPTIDXNIFTY03-07-2025CE23800.00', 'openInterest': 117, 'changeinOpenInterest': 82, 'pchangeinOpenInterest': 234.28571428571428, 'totalTradedVolume': 104, 'impliedVolatility': 0, 'lastPrice': 1725, 'change': 275, 'pChange': 18.96551724137931, 'totalBuyQuantity': 4275, 'totalSellQuantity': 4650, 'bidQty': 150, 'bidprice': 1718.9, 'askQty': 750, 'askPrice': 1791.7, 'underlyingValue': 25549}","{'strikePrice': 23800, 'expiryDate': '03-Jul-2025', 'underlying': 'NIFTY', 'identifier': 'OPTIDXNIFTY03-07-2025PE23800.00', 'openInterest': 13183, 'changeinOpenInterest': 5602, 'pchangeinOpenInterest': 73.89526447698192, 'totalTradedVolume': 63160, 'impliedVolatility': 23.28, 'lastPrice': 3.5, 'change': -3.7, 'pChange': -51.38888888888889, 'totalBuyQuantity': 45000, 'totalSellQuantity': 63150, 'bidQty': 2925, 'bidprice': 3.5, 'askQty': 300, 'askPrice': 3.55, 'underlyingValue': 25549}"
23850,03-Jul-2025,"{'strikePrice': 23850, 'expiryDate': '03-Jul-2025', 'underlying': 'NIFTY', 'identifier': 'OPTIDXNIFTY03-07-2025CE23850.00', 'openInterest': 13, 'changeinOpenInterest': 0, 'pchangeinOpenInterest': 0, 'totalTradedVolume': 0, 'impliedVolatility': 0, 'lastPrice': 0, 'change': 0, 'pChange': 0, 'totalBuyQuantity': 4650, 'totalSellQuantity': 4650, 'bidQty': 750, 'bidprice': 1628.55, 'askQty': 750, 'askPrice': 1741.5, 'underlyingValue': 25549}","{'strikePrice': 23850, 'expiryDate': '03-Jul-2025', 'underlying': 'NIFTY', 'identifier': 'OPTIDXNIFTY03-07-2025PE23850.00', 'openInterest': 3604, 'changeinOpenInterest': 1489, 'pchangeinOpenInterest': 70.40189125295508, 'totalTradedVolume': 12730, 'impliedVolatility': 22.78, 'lastPrice': 3.6, 'change': -4.35, 'pChange': -54.71698113207547, 'totalBuyQuantity': 20775, 'totalSellQuantity': 6675, 'bidQty': 750, 'bidprice': 3.5, 'askQty': 750, 'askPrice': 3.8, 'underlyingValue': 25549}"
23900,03-Jul-2025,"{'strikePrice': 23900, 'expiryDate': '03-Jul-2025', 'underlying': 'NIFTY', 'identifier': 'OPTIDXNIFTY03-07-2025CE23900.00', 'openInterest': 154, 'changeinOpenInterest': 80, 'pchangeinOpenInterest': 108.10810810810811, 'totalTradedVolume': 114, 'impliedVolatility': 0, 'lastPrice': 1630, 'change': 278.75, 'pChange': 20.62904717853839, 'totalBuyQuantity': 4725, 'totalSellQuantity': 3975, 'bidQty': 750, 'bidprice': 1579.2, 'askQty': 75, 'askPrice': 1640, 'underlyingValue': 25549}","{'strikePrice': 23900, 'expiryDate': '03-Jul-2025', 'underlying': 'NIFTY', 'identifier': 'OPTIDXNIFTY03-07-2025PE23900.00', 'openInterest': 25989, 'changeinOpenInterest': 20284, 'pchangeinOpenInterest': 355.5477651183173, 'totalTradedVolume': 83214, 'impliedVolatility': 22.51, 'lastPrice': 4, 'change': -4.4, 'pChange': -52.38095238095239, 'totalBuyQuantity': 49800, 'totalSellQuantity': 41625, 'bidQty': 600, 'bidprice': 4, 'askQty': 1275, 'askPrice': 4.1, 'underlyingValue': 25549}"
23950,03-Jul-2025,"{'strikePrice': 23950, 'expiryDate': '03-Jul-2025', 'underlying': 'NIFTY', 'identifier': 'OPTIDXNIFTY03-07-2025CE23950.00', 'openInterest': 11, 'changeinOpenInterest': 10, 'pchangeinOpenInterest': 1000, 'totalTradedVolume': 11, 'impliedVolatility': 0, 'lastPrice': 1547.25, 'change': 232.1500000000001, 'pChange': 17.652649988594032, 'totalBuyQuantity': 3975, 'totalSellQuantity': 3900, 'bidQty': 75, 'bidprice': 1570.3, 'askQty': 450, 'askPrice': 1643.5, 'underlyingValue': 25549}","{'strikePrice': 23950, 'expiryDate': '03-Jul-2025', 'underlying': 'NIFTY', 'identifier': 'OPTIDXNIFTY03-07-2025PE23950.00', 'openInterest': 1569, 'changeinOpenInterest': 865, 'pchangeinOpenInterest': 122.86931818181819, 'totalTradedVolume': 8547, 'impliedVolatility': 22.24, 'lastPrice': 4.45, 'change': -4.499999999999999, 'pChange': -50.27932960893854, 'totalBuyQuantity': 16950, 'totalSellQuantity': 7425, 'bidQty': 75, 'bidprice': 3.9, 'askQty': 675, 'askPrice': 4.75, 'underlyingValue': 25549}"
24000,03-Jul-2025,"{'strikePrice': 24000, 'expiryDate': '03-Jul-2025', 'underlying': 'NIFTY', 'identifier': 'OPTIDXNIFTY03-07-2025CE24000.00', 'openInterest': 2489, 'changeinOpenInterest': 1333, 'pchangeinOpenInterest': 115.31141868512111, 'totalTradedVolume': 3008, 'impliedVolatility': 0, 'lastPrice': 1531.3, 'change': 274.54999999999995, 'pChange': 21.846031430276504, 'totalBuyQuantity': 7125, 'totalSellQuantity': 6600, 'bidQty': 150, 'bidprice': 1532.95, 'askQty': 75, 'askPrice': 1538.35, 'underlyingValue': 25549}","{'strikePrice': 24000, 'expiryDate': '03-Jul-2025', 'underlying': 'NIFTY', 'identifier': 'OPTIDXNIFTY03-07-2025PE24000.00', 'openInterest': 66827, 'changeinOpenInterest': 34856, 'pchangeinOpenInterest': 109.02380282130682, 'totalTradedVolume': 229726, 'impliedVolatility': 21.84, 'lastPrice': 4.75, 'change': -4.85, 'pChange': -50.520833333333336, 'totalBuyQuantity': 443100, 'totalSellQuantity': 240375, 'bidQty': 750, 'bidprice': 4.65, 'askQty': 3900, 'askPrice': 4.8, 'underlyingValue': 25549}"
24050,03-Jul-2025,"{'strikePrice': 24050, 'expiryDate': '03-Jul-2025', 'underlying': 'NIFTY', 'identifier': 'OPTIDXNIFTY03-07-2025CE24050.00', 'openInterest': 30, 'changeinOpenInterest': 15, 'pchangeinOpenInterest': 100, 'totalTradedVolume': 22, 'impliedVolatility': 0, 'lastPrice': 1449, 'change': 216.95000000000005, 'pChange': 17.608863276652738, 'totalBuyQuantity': 4875, 'totalSellQuantity': 4650, 'bidQty': 750, 'bidprice': 1461.15, 'askQty': 750, 'askPrice': 1543.05, 'underlyingValue': 25549}","{'strikePrice': 24050, 'expiryDate': '03-Jul-2025', 'underlying': 'NIFTY', 'identifier': 'OPTIDXNIFTY03-07-2025PE24050.00', 'openInterest': 1708, 'changeinOpenInterest': 263, 'pchangeinOpenInterest': 18.20069204152249, 'totalTradedVolume': 13651, 'impliedVolatility': 21.45, 'lastPrice': 5.1, 'change': -5.200000000000001, 'pChange': -50.4854368932039, 'totalBuyQuantity': 157875, 'totalSellQuantity': 8925, 'bidQty': 75, 'bidprice': 4.95, 'askQty': 375, 'askPrice': 5.45, 'underlyingValue': 25549}"
24100,03-Jul-2025,"{'strikePrice': 24100, 'expiryDate': '03-Jul-2025', 'underlying': 'NIFTY', 'identifier': 'OPTIDXNIFTY03-07-2025CE24100.00', 'openInterest': 158, 'changeinOpenInterest': 69, 'pchangeinOpenInterest': 77.52808988764045, 'totalTradedVolume': 166, 'impliedVolatility': 0, 'lastPrice': 1420.05, 'change': 268.04999999999995, 'pChange': 23.26822916666666, 'totalBuyQuantity': 3975, 'totalSellQuantity': 4200, 'bidQty': 75, 'bidprice': 1427.4, 'askQty': 225, 'askPrice': 1441.45, 'underlyingValue': 25549}","{'strikePrice': 24100, 'expiryDate': '03-Jul-2025', 'underlying': 'NIFTY', 'identifier': 'OPTIDXNIFTY03-07-2025PE24100.00', 'openInterest': 14672, 'changeinOpenInterest': 5343, 'pchangeinOpenInterest': 57.2730196162504, 'totalTradedVolume': 74368, 'impliedVolatility': 21.04, 'lastPrice': 5.45, 'change': -5.7, 'pChange': -51.12107623318386, 'totalBuyQuantity': 41925, 'totalSellQuantity': 18825, 'bidQty': 2175, 'bidprice': 5, 'askQty': 1800, 'askPrice': 5.4, 'underlyingValue': 25549}"
24150,03-Jul-2025,"{'strikePrice': 24150, 'expiryDate': '03-Jul-2025', 'underlying': 'NIFTY', 'identifier': 'OPTIDXNIFTY03-07-2025CE24150.00', 'openInterest': 9, 'changeinOpenInterest': 4, 'pchangeinOpenInterest': 80, 'totalTradedVolume': 5, 'impliedVolatility': 0, 'lastPrice': 1359.6, 'change': 272.64999999999986, 'pChange': 25.083950503703008, 'totalBuyQuantity': 4725, 'totalSellQuantity': 4650, 'bidQty': 750, 'bidprice': 1332.05, 'askQty': 750, 'askPrice': 1443.7, 'underlyingValue': 25549}","{'strikePrice': 24150, 'expiryDate': '03-Jul-2025', 'underlying': 'NIFTY', 'identifier': 'OPTIDXNIFTY03-07-2025PE24150.00', 'openInterest': 2049, 'changeinOpenInterest': -306, 'pchangeinOpenInterest': -12.993630573248408, 'totalTradedVolume': 14961, 'impliedVolatility': 20.64, 'lastPrice': 5.85, 'change': -6.35, 'pChange': -52.04918032786885, 'totalBuyQuantity': 15300, 'totalSellQuantity': 25200, 'bidQty': 3000, 'bidprice': 5.2, 'askQty': 75, 'askPrice': 5.85, 'underlyingValue': 25549}"
24200,03-Jul-2025,"{'strikePrice': 24200, 'expiryDate': '03-Jul-2025', 'underlying': 'NIFTY', 'identifier': 'OPTIDXNIFTY03-07-2025CE24200.00', 'openInterest': 335, 'changeinOpenInterest': 71, 'pchangeinOpenInterest': 26.893939393939394, 'totalTradedVolume': 182, 'impliedVolatility': 0, 'lastPrice': 1328.5, 'change': 268.75, 'pChange': 25.359754659117716, 'totalBuyQuantity': 4650, 'totalSellQuantity': 4200, 'bidQty': 150, 'bidprice': 1325.85, 'askQty': 300, 'askPrice': 1350, 'underlyingValue': 25549}","{'strikePrice': 24200, 'expiryDate': '03-Jul-2025', 'underlying': 'NIFTY', 'identifier': 'OPTIDXNIFTY03-07-2025PE24200.00', 'openInterest': 23092, 'changeinOpenInterest': 9778, 'pchangeinOpenInterest': 73.44149016073307, 'totalTradedVolume': 101852, 'impliedVolatility': 20.3, 'lastPrice': 6.4, 'change': -6.9, 'pChange': -51.8796992481203, 'totalBuyQuantity': 50550, 'totalSellQuantity': 55725, 'bidQty': 450, 'bidprice': 6.05, 'askQty': 75, 'askPrice': 6.2, 'underlyingValue': 25549}"
24250,03-Jul-2025,"{'strikePrice': 24250, 'expiryDate': '03-Jul-2025', 'underlying': 'NIFTY', 'identifier': 'OPTIDXNIFTY03-07-2025CE24250.00', 'openInterest': 15, 'changeinOpenInterest': 2, 'pchangeinOpenInterest': 15.384615384615385, 'totalTradedVolume': 8, 'impliedVolatility': 0, 'lastPrice': 1268.15, 'change': 261.45000000000005, 'pChange': 25.97099433793583, 'totalBuyQuantity': 4725, 'totalSellQuantity': 4725, 'bidQty': 750, 'bidprice': 1233.3, 'askQty': 825, 'askPrice': 1343.3, 'underlyingValue': 25549}","{'strikePrice': 24250, 'expiryDate': '03-Jul-2025', 'underlying': 'NIFTY', 'identifier': 'OPTIDXNIFTY03-07-2025PE24250.00', 'openInterest': 3328, 'changeinOpenInterest': 872, 'pchangeinOpenInterest': 35.504885993485345, 'totalTradedVolume': 19649, 'impliedVolatility': 19.95, 'lastPrice': 7, 'change': -7.5, 'pChange': -51.724137931034484, 'totalBuyQuantity': 19950, 'totalSellQuantity': 14325, 'bidQty': 150, 'bidprice': 6.5, 'askQty': 825, 'askPrice': 7, 'underlyingValue': 25549}"
24300,03-Jul-2025,"{'strikePrice': 24300, 'expiryDate': '03-Jul-2025', 'underlying': 'NIFTY', 'identifier': 'OPTIDXNIFTY03-07-2025CE24300.00', 'openInterest': 267, 'changeinOpenInterest': 97, 'pchangeinOpenInterest': 57.05882352941177, 'totalTradedVolume': 266, 'impliedVolatility': 0, 'lastPrice': 1220.3, 'change': 256.44999999999993, 'pChange': 26.606837163459033, 'totalBuyQuantity': 4200, 'totalSellQuantity': 4650, 'bidQty': 150, 'bidprice': 1230.5, 'askQty': 750, 'askPrice': 1295.1, 'underlyingValue': 25549}","{'strikePrice': 24300, 'expiryDate': '03-Jul-2025', 'underlying': 'NIFTY', 'identifier': 'OPTIDXNIFTY03-07-2025PE24300.00', 'openInterest': 22405, 'changeinOpenInterest': 13422, 'pchangeinOpenInterest': 149.41556272960037, 'totalTradedVolume': 97556, 'impliedVolatility': 19.46, 'lastPrice': 7.35, 'change': -8.6, 'pChange': -53.91849529780565, 'totalBuyQuantity': 28425, 'totalSellQuantity': 66300, 'bidQty': 75, 'bidprice': 7.1, 'askQty': 150, 'askPrice': 7.4, 'underlyingValue': 25549}"
24350,03-Jul-2025,"{'strikePrice': 24350, 'expiryDate': '03-Jul-2025', 'underlying': 'NIFTY', 'identifier': 'OPTIDXNIFTY03-07-2025CE24350.00', 'openInterest': 22, 'changeinOpenInterest': 1, 'pchangeinOpenInterest': 4.761904761904762, 'totalTradedVolume': 12, 'impliedVolatility': 0, 'lastPrice': 1158.95, 'change': 234.30000000000007, 'pChange': 25.339317579624733, 'totalBuyQuantity': 4725, 'totalSellQuantity': 4650, 'bidQty': 750, 'bidprice': 1135.35, 'askQty': 750, 'askPrice': 1245.85, 'underlyingValue': 25549}","{'strikePrice': 24350, 'expiryDate': '03-Jul-2025', 'underlying': 'NIFTY', 'identifier': 'OPTIDXNIFTY03-07-2025PE24350.00', 'openInterest': 4995, 'changeinOpenInterest': 3378, 'pchangeinOpenInterest': 208.90538033395177, 'totalTradedVolume': 23951, 'impliedVolatility': 19.1, 'lastPrice': 8.05, 'change': -9.7, 'pChange': -54.64788732394366, 'totalBuyQuantity': 19650, 'totalSellQuantity': 28500, 'bidQty': 75, 'bidprice': 8, 'askQty': 4725, 'askPrice': 8.05, 'underlyingValue': 25549}"
24400,03-Jul-2025,"{'strikePrice': 24400, 'expiryDate': '03-Jul-2025', 'underlying': 'NIFTY', 'identifier': 'OPTIDXNIFTY03-07-2025CE24400.00', 'openInterest': 540, 'changeinOpenInterest': 184, 'pchangeinOpenInterest': 51.68539325842696, 'totalTradedVolume': 404, 'impliedVolatility': 0, 'lastPrice': 1142.6, 'change': 276.0999999999999, 'pChange': 31.86381996537795, 'totalBuyQuantity': 4125, 'totalSellQuantity': 4800, 'bidQty': 75, 'bidprice': 1130.45, 'askQty': 750, 'askPrice': 1167, 'underlyingValue': 25549}","{'strikePrice': 24400, 'expiryDate': '03-Jul-2025', 'underlying': 'NIFTY', 'identifier': 'OPTIDXNIFTY03-07-2025PE24400.00', 'openInterest': 27483, 'changeinOpenInterest': 16704, 'pchangeinOpenInterest': 154.9679933203451, 'totalTradedVolume': 94930, 'impliedVolatility': 18.81, 'lastPrice': 9, 'change': -10.7, 'pChange': -54.314720812182735, 'totalBuyQuantity': 77625, 'totalSellQuantity': 62475, 'bidQty': 150, 'bidprice': 8.6, 'askQty': 600, 'askPrice': 9, 'underlyingValue': 25549}"
24450,03-Jul-2025,"{'strikePrice': 24450, 'expiryDate': '03-Jul-2025', 'underlying': 'NIFTY', 'identifier': 'OPTIDXNIFTY03-07-2025CE24450.00', 'openInterest': 108, 'changeinOpenInterest': 5, 'pchangeinOpenInterest': 4.854368932038835, 'totalTradedVolume': 203, 'impliedVolatility': 0, 'lastPrice': 1094.7, 'change': 273.85, 'pChange': 33.361759152098436, 'totalBuyQuantity': 4650, 'totalSellQuantity': 4650, 'bidQty': 750, 'bidprice': 1037.3, 'askQty': 750, 'askPrice': 1147.5, 'underlyingValue': 25549}","{'strikePrice': 24450, 'expiryDate': '03-Jul-2025', 'underlying': 'NIFTY', 'identifier': 'OPTIDXNIFTY03-07-2025PE24450.00', 'openInterest': 5030, 'changeinOpenInterest': 2848, 'pchangeinOpenInterest': 130.5224564619615, 'totalTradedVolume': 30450, 'impliedVolatility': 18.38, 'lastPrice': 9.7, 'change': -12.45, 'pChange': -56.20767494356659, 'totalBuyQuantity': 34200, 'totalSellQuantity': 20475, 'bidQty': 1425, 'bidprice': 9.65, 'askQty': 375, 'askPrice': 10, 'underlyingValue': 25549}"
24500,03-Jul-2025,"{'strikePrice': 24500, 'expiryDate': '03-Jul-2025', 'underlying': 'NIFTY', 'identifier': 'OPTIDXNIFTY03-07-2025CE24500.00', 'openInterest': 3293, 'changeinOpenInterest': 14, 'pchangeinOpenInterest': 0.42695943885330895, 'totalTradedVolume': 3615, 'impliedVolatility': 0, 'lastPrice': 1040.3, 'change': 266.5999999999999, 'pChange': 34.457800180948674, 'totalBuyQuantity': 8475, 'totalSellQuantity': 6525, 'bidQty': 150, 'bidprice': 1040.7, 'askQty': 75, 'askPrice': 1047, 'underlyingValue': 25549}","{'strikePrice': 24500, 'expiryDate': '03-Jul-2025', 'underlying': 'NIFTY', 'identifier': 'OPTIDXNIFTY03-07-2025PE24500.00', 'openInterest': 44665, 'changeinOpenInterest': 22677, 'pchangeinOpenInterest': 103.13352737857014, 'totalTradedVolume': 178331, 'impliedVolatility': 18.22, 'lastPrice': 11.3, 'change': -13.5, 'pChange': -54.43548387096774, 'totalBuyQuantity': 85725, 'totalSellQuantity': 222150, 'bidQty': 75, 'bidprice': 11.25, 'askQty': 675, 'askPrice': 11.35, 'underlyingValue': 25549}"
24550,03-Jul-2025,"{'strikePrice': 24550, 'expiryDate': '03-Jul-2025', 'underlying': 'NIFTY', 'identifier': 'OPTIDXNIFTY03-07-2025CE24550.00', 'openInterest': 131, 'changeinOpenInterest': 19, 'pchangeinOpenInterest': 16.964285714285715, 'totalTradedVolume': 86, 'impliedVolatility': 0, 'lastPrice': 980, 'change': 248.75, 'pChange': 34.01709401709402, 'totalBuyQuantity': 6975, 'totalSellQuantity': 4650, 'bidQty': 750, 'bidprice': 940.35, 'askQty': 750, 'askPrice': 1049.85, 'underlyingValue': 25549}","{'strikePrice': 24550, 'expiryDate': '03-Jul-2025', 'underlying': 'NIFTY', 'identifier': 'OPTIDXNIFTY03-07-2025PE24550.00', 'openInterest': 5533, 'changeinOpenInterest': 3234, 'pchangeinOpenInterest': 140.66985645933013, 'totalTradedVolume': 36520, 'impliedVolatility': 17.78, 'lastPrice': 12.2, 'change': -15.650000000000002, 'pChange': -56.193895870736085, 'totalBuyQuantity': 44025, 'totalSellQuantity': 71025, 'bidQty': 75, 'bidprice': 12.3, 'askQty': 32100, 'askPrice': 12.5, 'underlyingValue': 25549}"
24600,03-Jul-2025,"{'strikePrice': 24600, 'expiryDate': '03-Jul-2025', 'underlying': 'NIFTY', 'identifier': 'OPTIDXNIFTY03-07-2025CE24600.00', 'openInterest': 909, 'changeinOpenInterest': -14, 'pchangeinOpenInterest': -1.5167930660888407, 'totalTradedVolume': 598, 'impliedVolatility': 0, 'lastPrice': 936.1, 'change': 252.64999999999998, 'pChange': 36.96685931670202, 'totalBuyQuantity': 4050, 'totalSellQuantity': 3975, 'bidQty': 225, 'bidprice': 937.35, 'askQty': 75, 'askPrice': 948, 'underlyingValue': 25549}","{'strikePrice': 24600, 'expiryDate': '03-Jul-2025', 'underlying': 'NIFTY', 'identifier': 'OPTIDXNIFTY03-07-2025PE24600.00', 'openInterest': 16918, 'changeinOpenInterest': 7333, 'pchangeinOpenInterest': 76.50495565988524, 'totalTradedVolume': 100731, 'impliedVolatility': 17.48, 'lastPrice': 13.7, 'change': -17.55, 'pChange': -56.16, 'totalBuyQuantity': 39975, 'totalSellQuantity': 72900, 'bidQty': 1050, 'bidprice': 13.7, 'askQty': 6075, 'askPrice': 14, 'underlyingValue': 25549}"
24650,03-Jul-2025,"{'strikePrice': 24650, 'expiryDate': '03-Jul-2025', 'underlying': 'NIFTY', 'identifier': 'OPTIDXNIFTY03-07-2025CE24650.00', 'openInterest': 155, 'changeinOpenInterest': -43, 'pchangeinOpenInterest': -21.717171717171716, 'totalTradedVolume': 255, 'impliedVolatility': 0, 'lastPrice': 893.4, 'change': 259.4, 'pChange': 40.914826498422705, 'totalBuyQuantity': 8475, 'totalSellQuantity': 4725, 'bidQty': 750, 'bidprice': 843.95, 'askQty': 750, 'askPrice': 952.9, 'underlyingValue': 25549}","{'strikePrice': 24650, 'expiryDate': '03-Jul-2025', 'underlying': 'NIFTY', 'identifier': 'OPTIDXNIFTY03-07-2025PE24650.00', 'openInterest': 5711, 'changeinOpenInterest': 2912, 'pchangeinOpenInterest': 104.03715612718828, 'totalTradedVolume': 40194, 'impliedVolatility': 17.32, 'lastPrice': 16, 'change': -19.799999999999997, 'pChange': -55.307262569832396, 'totalBuyQuantity': 32925, 'totalSellQuantity': 36600, 'bidQty': 450, 'bidprice': 15, 'askQty': 750, 'askPrice': 15.8, 'underlyingValue': 25549}"
24700,03-Jul-2025,"{'strikePrice': 24700, 'expiryDate': '03-Jul-2025', 'underlying': 'NIFTY', 'identifier': 'OPTIDXNIFTY03-07-2025CE24700.00', 'openInterest': 1837, 'changeinOpenInterest': 97, 'pchangeinOpenInterest': 5.574712643678161, 'totalTradedVolume': 1781, 'impliedVolatility': 0, 'lastPrice': 855.3, 'change': 268.29999999999995, 'pChange': 45.706984667802374, 'totalBuyQuantity': 18225, 'totalSellQuantity': 5250, 'bidQty': 75, 'bidprice': 844.9, 'askQty': 75, 'askPrice': 852.55, 'underlyingValue': 25549}","{'strikePrice': 24700, 'expiryDate': '03-Jul-2025', 'underlying': 'NIFTY', 'identifier': 'OPTIDXNIFTY03-07-2025PE24700.00', 'openInterest': 21765, 'changeinOpenInterest': 9677, 'pchangeinOpenInterest': 80.05459960291198, 'totalTradedVolume': 124619, 'impliedVolatility': 16.88, 'lastPrice': 17.35, 'change': -23.449999999999996, 'pChange': -57.475490196078425, 'totalBuyQuantity': 52350, 'totalSellQuantity': 73725, 'bidQty': 225, 'bidprice': 17, 'askQty': 75, 'askPrice': 17.4, 'underlyingValue': 25549}"
24750,03-Jul-2025,"{'strikePrice': 24750, 'expiryDate': '03-Jul-2025', 'underlying': 'NIFTY', 'identifier': 'OPTIDXNIFTY03-07-2025CE24750.00', 'openInterest': 332, 'changeinOpenInterest': -64, 'pchangeinOpenInterest': -16.161616161616163, 'totalTradedVolume': 359, 'impliedVolatility': 0, 'lastPrice': 797.8, 'change': 254.04999999999995, 'pChange': 46.72183908045976, 'totalBuyQuantity': 14175, 'totalSellQuantity': 4050, 'bidQty': 75, 'bidprice': 795.85, 'askQty': 75, 'askPrice': 810, 'underlyingValue': 25549}","{'strikePrice': 24750, 'expiryDate': '03-Jul-2025', 'underlying': 'NIFTY', 'identifier': 'OPTIDXNIFTY03-07-2025PE24750.00', 'openInterest': 6963, 'changeinOpenInterest': 3617, 'pchangeinOpenInterest': 108.09922295277944, 'totalTradedVolume': 57967, 'impliedVolatility': 16.53, 'lastPrice': 19.35, 'change': -27.1, 'pChange': -58.34230355220667, 'totalBuyQuantity': 36375, 'totalSellQuantity': 52200, 'bidQty': 1050, 'bidprice': 18.95, 'askQty': 300, 'askPrice': 19.7, 'underlyingValue': 25549}"
24800,03-Jul-2025,"{'strikePrice': 24800, 'expiryDate': '03-Jul-2025', 'underlying': 'NIFTY', 'identifier': 'OPTIDXNIFTY03-07-2025CE24800.00', 'openInterest': 5476, 'changeinOpenInterest': -117, 'pchangeinOpenInterest': -2.0919005900232435, 'totalTradedVolume': 8874, 'impliedVolatility': 0, 'lastPrice': 754, 'change': 251.25, 'pChange': 49.97513674788662, 'totalBuyQuantity': 20925, 'totalSellQuantity': 5325, 'bidQty': 450, 'bidprice': 752, 'askQty': 150, 'askPrice': 755, 'underlyingValue': 25549}","{'strikePrice': 24800, 'expiryDate': '03-Jul-2025', 'underlying': 'NIFTY', 'identifier': 'OPTIDXNIFTY03-07-2025PE24800.00', 'openInterest': 31867, 'changeinOpenInterest': 8971, 'pchangeinOpenInterest': 39.18151642208246, 'totalTradedVolume': 181593, 'impliedVolatility': 16.2, 'lastPrice': 21.7, 'change': -31.500000000000004, 'pChange': -59.21052631578948, 'totalBuyQuantity': 47175, 'totalSellQuantity': 179925, 'bidQty': 675, 'bidprice': 21.45, 'askQty': 1950, 'askPrice': 21.7, 'underlyingValue': 25549}"
24850,03-Jul-2025,"{'strikePrice': 24850, 'expiryDate': '03-Jul-2025', 'underlying': 'NIFTY', 'identifier': 'OPTIDXNIFTY03-07-2025CE24850.00', 'openInterest': 816, 'changeinOpenInterest': -79, 'pchangeinOpenInterest': -8.8268156424581, 'totalTradedVolume': 781, 'impliedVolatility': 0, 'lastPrice': 702.35, 'change': 241.65000000000003, 'pChange': 52.4527892337747, 'totalBuyQuantity': 16200, 'totalSellQuantity': 5025, 'bidQty': 750, 'bidprice': 654.3, 'askQty': 750, 'askPrice': 759.05, 'underlyingValue': 25549}","{'strikePrice': 24850, 'expiryDate': '03-Jul-2025', 'underlying': 'NIFTY', 'identifier': 'OPTIDXNIFTY03-07-2025PE24850.00', 'openInterest': 8079, 'changeinOpenInterest': 1155, 'pchangeinOpenInterest': 16.68110918544194, 'totalTradedVolume': 84881, 'impliedVolatility': 15.97, 'lastPrice': 24.95, 'change': -36.25, 'pChange': -59.23202614379085, 'totalBuyQuantity': 19575, 'totalSellQuantity': 45150, 'bidQty': 525, 'bidprice': 24.4, 'askQty': 150, 'askPrice': 25, 'underlyingValue': 25549}"
24900,03-Jul-2025,"{'strikePrice': 24900, 'expiryDate': '03-Jul-2025', 'underlying': 'NIFTY', 'identifier': 'OPTIDXNIFTY03-07-2025CE24900.00', 'openInterest': 4934, 'changeinOpenInterest': -279, 'pchangeinOpenInterest': -5.352004603874928, 'totalTradedVolume': 8229, 'impliedVolatility': 0, 'lastPrice': 663, 'change': 241.7, 'pChange': 57.37004509850463, 'totalBuyQuantity': 20250, 'totalSellQuantity': 5100, 'bidQty': 75, 'bidprice': 658.85, 'askQty': 150, 'askPrice': 665.7, 'underlyingValue': 25549}","{'strikePrice': 24900, 'expiryDate': '03-Jul-2025', 'underlying': 'NIFTY', 'identifier': 'OPTIDXNIFTY03-07-2025PE24900.00', 'openInterest': 25475, 'changeinOpenInterest': 9491, 'pchangeinOpenInterest': 59.378128128128125, 'totalTradedVolume': 157542, 'impliedVolatility': 15.68, 'lastPrice': 28.3, 'change': -42, 'pChange': -59.74395448079659, 'totalBuyQuantity': 25200, 'totalSellQuantity': 121425, 'bidQty': 75, 'bidprice': 28.05, 'askQty': 150, 'askPrice': 28.35, 'underlyingValue': 25549}"
24950,03-Jul-2025,"{'strikePrice': 24950, 'expiryDate': '03-Jul-2025', 'underlying': 'NIFTY', 'identifier': 'OPTIDXNIFTY03-07-2025CE24950.00', 'openInterest': 1427, 'changeinOpenInterest': -86, 'pchangeinOpenInterest': -5.684071381361534, 'totalTradedVolume': 1897, 'impliedVolatility': 0, 'lastPrice': 613.1, 'change': 231.5, 'pChange': 60.66561844863732, 'totalBuyQuantity': 19200, 'totalSellQuantity': 4350, 'bidQty': 750, 'bidprice': 561.85, 'askQty': 75, 'askPrice': 621.45, 'underlyingValue': 25549}","{'strikePrice': 24950, 'expiryDate': '03-Jul-2025', 'underlying': 'NIFTY', 'identifier': 'OPTIDXNIFTY03-07-2025PE24950.00', 'openInterest': 8174, 'changeinOpenInterest': 2680, 'pchangeinOpenInterest': 48.78048780487805, 'totalTradedVolume': 90357, 'impliedVolatility': 15.49, 'lastPrice': 32.85, 'change': -48.15, 'pChange': -59.44444444444444, 'totalBuyQuantity': 17475, 'totalSellQuantity': 54225, 'bidQty': 225, 'bidprice': 31.2, 'askQty': 375, 'askPrice': 33, 'underlyingValue': 25549}"
25000,03-Jul-2025,"{'strikePrice': 25000, 'expiryDate': '03-Jul-2025', 'underlying': 'NIFTY', 'identifier': 'OPTIDXNIFTY03-07-2025CE25000.00', 'openInterest': 24188, 'changeinOpenInterest': -1207, 'pchangeinOpenInterest': -4.752904114983265, 'totalTradedVolume': 56655, 'impliedVolatility': 0, 'lastPrice': 571, 'change': 227.85000000000002, 'pChange': 66.39953373160427, 'totalBuyQuantity': 37275, 'totalSellQuantity': 19800, 'bidQty': 75, 'bidprice': 567.9, 'askQty': 75, 'askPrice': 571, 'underlyingValue': 25549}","{'strikePrice': 25000, 'expiryDate': '03-Jul-2025', 'underlying': 'NIFTY', 'identifier': 'OPTIDXNIFTY03-07-2025PE25000.00', 'openInterest': 76813, 'changeinOpenInterest': 30731, 'pchangeinOpenInterest': 66.68764376546157, 'totalTradedVolume': 424354, 'impliedVolatility': 15.19, 'lastPrice': 37.3, 'change': -55.7, 'pChange': -59.892473118279575, 'totalBuyQuantity': 138900, 'totalSellQuantity': 580875, 'bidQty': 2175, 'bidprice': 37, 'askQty': 750, 'askPrice': 37.3, 'underlyingValue': 25549}"
25050,03-Jul-2025,"{'strikePrice': 25050, 'expiryDate': '03-Jul-2025', 'underlying': 'NIFTY', 'identifier': 'OPTIDXNIFTY03-07-2025CE25050.00', 'openInterest': 4472, 'changeinOpenInterest': -621, 'pchangeinOpenInterest': -12.193206361672884, 'totalTradedVolume': 7174, 'impliedVolatility': 0, 'lastPrice': 523.9, 'change': 217.7, 'pChange': 71.09732201175703, 'totalBuyQuantity': 21525, 'totalSellQuantity': 5250, 'bidQty': 750, 'bidprice': 500.1, 'askQty': 75, 'askPrice': 527, 'underlyingValue': 25549}","{'strikePrice': 25050, 'expiryDate': '03-Jul-2025', 'underlying': 'NIFTY', 'identifier': 'OPTIDXNIFTY03-07-2025PE25050.00', 'openInterest': 12439, 'changeinOpenInterest': 5757, 'pchangeinOpenInterest': 86.15683926967974, 'totalTradedVolume': 110473, 'impliedVolatility': 14.85, 'lastPrice': 42, 'change': -65.9, 'pChange': -61.07506950880445, 'totalBuyQuantity': 20100, 'totalSellQuantity': 64050, 'bidQty': 300, 'bidprice': 41.6, 'askQty': 375, 'askPrice': 42, 'underlyingValue': 25549}"
25100,03-Jul-2025,"{'strikePrice': 25100, 'expiryDate': '03-Jul-2025', 'underlying': 'NIFTY', 'identifier': 'OPTIDXNIFTY03-07-2025CE25100.00', 'openInterest': 13228, 'changeinOpenInterest': -3305, 'pchangeinOpenInterest': -19.990322385531968, 'totalTradedVolume': 44703, 'impliedVolatility': 6.46, 'lastPrice': 479.4, 'change': 206.25, 'pChange': 75.50796265788028, 'totalBuyQuantity': 25425, 'totalSellQuantity': 10800, 'bidQty': 75, 'bidprice': 478.95, 'askQty': 75, 'askPrice': 484.05, 'underlyingValue': 25549}","{'strikePrice': 25100, 'expiryDate': '03-Jul-2025', 'underlying': 'NIFTY', 'identifier': 'OPTIDXNIFTY03-07-2025PE25100.00', 'openInterest': 33489, 'changeinOpenInterest': 14812, 'pchangeinOpenInterest': 79.30609840980885, 'totalTradedVolume': 210453, 'impliedVolatility': 14.54, 'lastPrice': 47.65, 'change': -75.9, 'pChange': -61.43261837312829, 'totalBuyQuantity': 26700, 'totalSellQuantity': 256800, 'bidQty': 150, 'bidprice': 47.6, 'askQty': 825, 'askPrice': 48, 'underlyingValue': 25549}"
25150,03-Jul-2025,"{'strikePrice': 25150, 'expiryDate': '03-Jul-2025', 'underlying': 'NIFTY', 'identifier': 'OPTIDXNIFTY03-07-2025CE25150.00', 'openInterest': 2877, 'changeinOpenInterest': -3108, 'pchangeinOpenInterest': -51.92982456140351, 'totalTradedVolume': 21498, 'impliedVolatility': 8.95, 'lastPrice': 440.5, 'change': 199.25, 'pChange': 82.59067357512954, 'totalBuyQuantity': 24075, 'totalSellQuantity': 5475, 'bidQty': 150, 'bidprice': 435, 'askQty': 75, 'askPrice': 441, 'underlyingValue': 25549}","{'strikePrice': 25150, 'expiryDate': '03-Jul-2025', 'underlying': 'NIFTY', 'identifier': 'OPTIDXNIFTY03-07-2025PE25150.00', 'openInterest': 11033, 'changeinOpenInterest': 4258, 'pchangeinOpenInterest': 62.84870848708487, 'totalTradedVolume': 97513, 'impliedVolatility': 14.35, 'lastPrice': 55.2, 'change': -86.14999999999999, 'pChange': -60.948001414927475, 'totalBuyQuantity': 18525, 'totalSellQuantity': 130725, 'bidQty': 300, 'bidprice': 54, 'askQty': 75, 'askPrice': 55.6, 'underlyingValue': 25549}"
25200,03-Jul-2025,"{'strikePrice': 25200, 'expiryDate': '03-Jul-2025', 'underlying': 'NIFTY', 'identifier': 'OPTIDXNIFTY03-07-2025CE25200.00', 'openInterest': 16317, 'changeinOpenInterest': -14882, 'pchangeinOpenInterest': -47.70024680278214, 'totalTradedVolume': 172462, 'impliedVolatility': 9.23, 'lastPrice': 397.6, 'change': 185.40000000000003, 'pChange': 87.37040527803961, 'totalBuyQuantity': 57450, 'totalSellQuantity': 14475, 'bidQty': 75, 'bidprice': 396.95, 'askQty': 75, 'askPrice': 397.55, 'underlyingValue': 25549}","{'strikePrice': 25200, 'expiryDate': '03-Jul-2025', 'underlying': 'NIFTY', 'identifier': 'OPTIDXNIFTY03-07-2025PE25200.00', 'openInterest': 67325, 'changeinOpenInterest': 28250, 'pchangeinOpenInterest': 72.29686500319897, 'totalTradedVolume': 384020, 'impliedVolatility': 14.08, 'lastPrice': 63.05, 'change': -98.14999999999999, 'pChange': -60.88709677419355, 'totalBuyQuantity': 82725, 'totalSellQuantity': 623775, 'bidQty': 75, 'bidprice': 62.95, 'askQty': 450, 'askPrice': 63.5, 'underlyingValue': 25549}"
25250,03-Jul-2025,"{'strikePrice': 25250, 'expiryDate': '03-Jul-2025', 'underlying': 'NIFTY', 'identifier': 'OPTIDXNIFTY03-07-2025CE25250.00', 'openInterest': 5765, 'changeinOpenInterest': -5241, 'pchangeinOpenInterest': -47.619480283481735, 'totalTradedVolume': 85950, 'impliedVolatility': 7.3, 'lastPrice': 340.45, 'change': 155.7, 'pChange': 84.27604871447902, 'totalBuyQuantity': 33375, 'totalSellQuantity': 4125, 'bidQty': 150, 'bidprice': 350.5, 'askQty': 75, 'askPrice': 361.25, 'underlyingValue': 25549}","{'strikePrice': 25250, 'expiryDate': '03-Jul-2025', 'underlying': 'NIFTY', 'identifier': 'OPTIDXNIFTY03-07-2025PE25250.00', 'openInterest': 18932, 'changeinOpenInterest': 11133, 'pchangeinOpenInterest': 142.7490703936402, 'totalTradedVolume': 149008, 'impliedVolatility': 13.95, 'lastPrice': 73.7, 'change': -109.95, 'pChange': -59.86931663490335, 'totalBuyQuantity': 20325, 'totalSellQuantity': 158475, 'bidQty': 525, 'bidprice': 73.3, 'askQty': 150, 'askPrice': 73.8, 'underlyingValue': 25549}"
25300,03-Jul-2025,"{'strikePrice': 25300, 'expiryDate': '03-Jul-2025', 'underlying': 'NIFTY', 'identifier': 'OPTIDXNIFTY03-07-2025CE25300.00', 'openInterest': 31423, 'changeinOpenInterest': -1766, 'pchangeinOpenInterest': -5.321040103648799, 'totalTradedVolume': 391861, 'impliedVolatility': 9.78, 'lastPrice': 319, 'change': 158.8, 'pChange': 99.12609238451935, 'totalBuyQuantity': 111525, 'totalSellQuantity': 19200, 'bidQty': 150, 'bidprice': 319, 'askQty': 75, 'askPrice': 320.9, 'underlyingValue': 25549}","{'strikePrice': 25300, 'expiryDate': '03-Jul-2025', 'underlying': 'NIFTY', 'identifier': 'OPTIDXNIFTY03-07-2025PE25300.00', 'openInterest': 53455, 'changeinOpenInterest': 38154, 'pchangeinOpenInterest': 249.3562512254101, 'totalTradedVolume': 428956, 'impliedVolatility': 13.83, 'lastPrice': 85.7, 'change': -122.45, 'pChange': -58.827768436223884, 'totalBuyQuantity': 71325, 'totalSellQuantity': 534225, 'bidQty': 750, 'bidprice': 85.6, 'askQty': 75, 'askPrice': 85.7, 'underlyingValue': 25549}"
25350,03-Jul-2025,"{'strikePrice': 25350, 'expiryDate': '03-Jul-2025', 'underlying': 'NIFTY', 'identifier': 'OPTIDXNIFTY03-07-2025CE25350.00', 'openInterest': 14093, 'changeinOpenInterest': 9434, 'pchangeinOpenInterest': 202.48980467911568, 'totalTradedVolume': 212798, 'impliedVolatility': 10.12, 'lastPrice': 284.65, 'change': 147.99999999999997, 'pChange': 108.30589096231245, 'totalBuyQuantity': 36600, 'totalSellQuantity': 8625, 'bidQty': 75, 'bidprice': 282.9, 'askQty': 75, 'askPrice': 284.95, 'underlyingValue': 25549}","{'strikePrice': 25350, 'expiryDate': '03-Jul-2025', 'underlying': 'NIFTY', 'identifier': 'OPTIDXNIFTY03-07-2025PE25350.00', 'openInterest': 24342, 'changeinOpenInterest': 22273, 'pchangeinOpenInterest': 1076.510391493475, 'totalTradedVolume': 215073, 'impliedVolatility': 13.67, 'lastPrice': 98.95, 'change': -136.89999999999998, 'pChange': -58.04536781852872, 'totalBuyQuantity': 19725, 'totalSellQuantity': 199500, 'bidQty': 75, 'bidprice': 98.7, 'askQty': 2850, 'askPrice': 99, 'underlyingValue': 25549}"
25400,03-Jul-2025,"{'strikePrice': 25400, 'expiryDate': '03-Jul-2025', 'underlying': 'NIFTY', 'identifier': 'OPTIDXNIFTY03-07-2025CE25400.00', 'openInterest': 35136, 'changeinOpenInterest': 14858, 'pchangeinOpenInterest': 73.27152579149818, 'totalTradedVolume': 484675, 'impliedVolatility': 10.25, 'lastPrice': 250.65, 'change': 134.05, 'pChange': 114.96569468267583, 'totalBuyQuantity': 72975, 'totalSellQuantity': 45450, 'bidQty': 150, 'bidprice': 248.35, 'askQty': 75, 'askPrice': 250.3, 'underlyingValue': 25549}","{'strikePrice': 25400, 'expiryDate': '03-Jul-2025', 'underlying': 'NIFTY', 'identifier': 'OPTIDXNIFTY03-07-2025PE25400.00', 'openInterest': 56393, 'changeinOpenInterest': 49920, 'pchangeinOpenInterest': 771.2034605283485, 'totalTradedVolume': 441550, 'impliedVolatility': 13.6, 'lastPrice': 115, 'change': -150.10000000000002, 'pChange': -56.620143342135044, 'totalBuyQuantity': 54675, 'totalSellQuantity': 581550, 'bidQty': 75, 'bidprice': 114.2, 'askQty': 2925, 'askPrice': 115, 'underlyingValue': 25549}"
25450,03-Jul-2025,"{'strikePrice': 25450, 'expiryDate': '03-Jul-2025', 'underlying': 'NIFTY', 'identifier': 'OPTIDXNIFTY03-07-2025CE25450.00', 'openInterest': 14827, 'changeinOpenInterest': 11290, 'pchangeinOpenInterest': 319.1970596550749, 'totalTradedVolume': 183282, 'impliedVolatility': 10.26, 'lastPrice': 217.7, 'change': 119.6, 'pChange': 121.9164118246687, 'totalBuyQuantity': 42750, 'totalSellQuantity': 33750, 'bidQty': 75, 'bidprice': 217.65, 'askQty': 75, 'askPrice': 218.8, 'underlyingValue': 25549}","{'strikePrice': 25450, 'expiryDate': '03-Jul-2025', 'underlying': 'NIFTY', 'identifier': 'OPTIDXNIFTY03-07-2025PE25450.00', 'openInterest': 18427, 'changeinOpenInterest': 17924, 'pchangeinOpenInterest': 3563.4194831013915, 'totalTradedVolume': 130465, 'impliedVolatility': 13.56, 'lastPrice': 133.3, 'change': -163.2, 'pChange': -55.04215851602024, 'totalBuyQuantity': 24225, 'totalSellQuantity': 187800, 'bidQty': 1050, 'bidprice': 133.3, 'askQty': 675, 'askPrice': 134, 'underlyingValue': 25549}"
25500,03-Jul-2025,"{'strikePrice': 25500, 'expiryDate': '03-Jul-2025', 'underlying': 'NIFTY', 'identifier': 'OPTIDXNIFTY03-07-2025CE25500.00', 'openInterest': 66129, 'changeinOpenInterest': 27261, 'pchangeinOpenInterest': 70.13738808274158, 'totalTradedVolume': 649507, 'impliedVolatility': 10.35, 'lastPrice': 188.55, 'change': 105.4, 'pChange': 126.75886951292846, 'totalBuyQuantity': 375450, 'totalSellQuantity': 181275, 'bidQty': 450, 'bidprice': 188.55, 'askQty': 1575, 'askPrice': 189.75, 'underlyingValue': 25549}","{'strikePrice': 25500, 'expiryDate': '03-Jul-2025', 'underlying': 'NIFTY', 'identifier': 'OPTIDXNIFTY03-07-2025PE25500.00', 'openInterest': 70359, 'changeinOpenInterest': 65710, 'pchangeinOpenInterest': 1413.4222413422242, 'totalTradedVolume': 368657, 'impliedVolatility': 13.56, 'lastPrice': 154.2, 'change': -177.5, 'pChange': -53.51220982815798, 'totalBuyQuantity': 79725, 'totalSellQuantity': 619950, 'bidQty': 150, 'bidprice': 154.2, 'askQty': 75, 'askPrice': 154.75, 'underlyingValue': 25549}"
25550,03-Jul-2025,"{'strikePrice': 25550, 'expiryDate': '03-Jul-2025', 'underlying': 'NIFTY', 'identifier': 'OPTIDXNIFTY03-07-2025CE25550.00', 'openInterest': 16955, 'changeinOpenInterest': 13476, 'pchangeinOpenInterest': 387.3526875538948, 'totalTradedVolume': 173787, 'impliedVolatility': 10.49, 'lastPrice': 162.8, 'change': 94.35000000000001, 'pChange': 137.83783783783784, 'totalBuyQuantity': 52800, 'totalSellQuantity': 54975, 'bidQty': 1125, 'bidprice': 161.1, 'askQty': 1425, 'askPrice': 162, 'underlyingValue': 25549}","{'strikePrice': 25550, 'expiryDate': '03-Jul-2025', 'underlying': 'NIFTY', 'identifier': 'OPTIDXNIFTY03-07-2025PE25550.00', 'openInterest': 11711, 'changeinOpenInterest': 11554, 'pchangeinOpenInterest': 7359.235668789809, 'totalTradedVolume': 67453, 'impliedVolatility': 13.55, 'lastPrice': 176.9, 'change': -190.79999999999998, 'pChange': -51.89012782159369, 'totalBuyQuantity': 31950, 'totalSellQuantity': 70800, 'bidQty': 1125, 'bidprice': 176.75, 'askQty': 300, 'askPrice': 176.95, 'underlyingValue': 25549}"
25600,03-Jul-2025,"{'strikePrice': 25600, 'expiryDate': '03-Jul-2025', 'underlying': 'NIFTY', 'identifier': 'OPTIDXNIFTY03-07-2025CE25600.00', 'openInterest': 31346, 'changeinOpenInterest': 18316, 'pchangeinOpenInterest': 140.56792018419034, 'totalTradedVolume': 352993, 'impliedVolatility': 10.39, 'lastPrice': 136.35, 'change': 80, 'pChange': 141.9698314108252, 'totalBuyQuantity': 136575, 'totalSellQuantity': 153525, 'bidQty': 1125, 'bidprice': 137.2, 'askQty': 75, 'askPrice': 137.65, 'underlyingValue': 25549}","{'strikePrice': 25600, 'expiryDate': '03-Jul-2025', 'underlying': 'NIFTY', 'identifier': 'OPTIDXNIFTY03-07-2025PE25600.00', 'openInterest': 11533, 'changeinOpenInterest': 10070, 'pchangeinOpenInterest': 688.3116883116883, 'totalTradedVolume': 82303, 'impliedVolatility': 13.63, 'lastPrice': 203, 'change': -201, 'pChange': -49.75247524752475, 'totalBuyQuantity': 35400, 'totalSellQuantity': 113475, 'bidQty': 750, 'bidprice': 202, 'askQty': 900, 'askPrice': 203, 'underlyingValue': 25549}"
25650,03-Jul-2025,"{'strikePrice': 25650, 'expiryDate': '03-Jul-2025', 'underlying': 'NIFTY', 'identifier': 'OPTIDXNIFTY03-07-2025CE25650.00', 'openInterest': 9017, 'changeinOpenInterest': 4756, 'pchangeinOpenInterest': 111.61699131659235, 'totalTradedVolume': 156230, 'impliedVolatility': 10.43, 'lastPrice': 114.6, 'change': 68.35, 'pChange': 147.78378378378378, 'totalBuyQuantity': 66150, 'totalSellQuantity': 49350, 'bidQty': 75, 'bidprice': 114.6, 'askQty': 75, 'askPrice': 115.45, 'underlyingValue': 25549}","{'strikePrice': 25650, 'expiryDate': '03-Jul-2025', 'underlying': 'NIFTY', 'identifier': 'OPTIDXNIFTY03-07-2025PE25650.00', 'openInterest': 2491, 'changeinOpenInterest': 2244, 'pchangeinOpenInterest': 908.502024291498, 'totalTradedVolume': 14475, 'impliedVolatility': 13.7, 'lastPrice': 231, 'change': -211.55, 'pChange': -47.80250819116485, 'totalBuyQuantity': 8625, 'totalSellQuantity': 14925, 'bidQty': 150, 'bidprice': 229.3, 'askQty': 75, 'askPrice': 231.15, 'underlyingValue': 25549}"
25700,03-Jul-2025,"{'strikePrice': 25700, 'expiryDate': '03-Jul-2025', 'underlying': 'NIFTY', 'identifier': 'OPTIDXNIFTY03-07-2025CE25700.00', 'openInterest': 29350, 'changeinOpenInterest': 16304, 'pchangeinOpenInterest': 124.97317185344167, 'totalTradedVolume': 327400, 'impliedVolatility': 10.37, 'lastPrice': 94, 'change': 56.35, 'pChange': 149.667994687915, 'totalBuyQuantity': 123375, 'totalSellQuantity': 130350, 'bidQty': 600, 'bidprice': 94.9, 'askQty': 75, 'askPrice': 95.25, 'underlyingValue': 25549}","{'strikePrice': 25700, 'expiryDate': '03-Jul-2025', 'underlying': 'NIFTY', 'identifier': 'OPTIDXNIFTY03-07-2025PE25700.00', 'openInterest': 5223, 'changeinOpenInterest': 4830, 'pchangeinOpenInterest': 1229.0076335877864, 'totalTradedVolume': 24245, 'impliedVolatility': 13.57, 'lastPrice': 258.3, 'change': -229.5, 'pChange': -47.0479704797048, 'totalBuyQuantity': 11400, 'totalSellQuantity': 50325, 'bidQty': 75, 'bidprice': 258.75, 'askQty': 225, 'askPrice': 260, 'underlyingValue': 25549}"
25750,03-Jul-2025,"{'strikePrice': 25750, 'expiryDate': '03-Jul-2025', 'underlying': 'NIFTY', 'identifier': 'OPTIDXNIFTY03-07-2025CE25750.00', 'openInterest': 9563, 'changeinOpenInterest': 5388, 'pchangeinOpenInterest': 129.05389221556885, 'totalTradedVolume': 147967, 'impliedVolatility': 10.46, 'lastPrice': 78, 'change': 47.6, 'pChange': 156.57894736842107, 'totalBuyQuantity': 50025, 'totalSellQuantity': 75600, 'bidQty': 225, 'bidprice': 78, 'askQty': 75, 'askPrice': 78.8, 'underlyingValue': 25549}","{'strikePrice': 25750, 'expiryDate': '03-Jul-2025', 'underlying': 'NIFTY', 'identifier': 'OPTIDXNIFTY03-07-2025PE25750.00', 'openInterest': 892, 'changeinOpenInterest': 823, 'pchangeinOpenInterest': 1192.7536231884058, 'totalTradedVolume': 3640, 'impliedVolatility': 13.63, 'lastPrice': 290.15, 'change': -237.80000000000007, 'pChange': -45.04214414243774, 'totalBuyQuantity': 3825, 'totalSellQuantity': 9075, 'bidQty': 75, 'bidprice': 290.5, 'askQty': 75, 'askPrice': 294.5, 'underlyingValue': 25549}"
25800,03-Jul-2025,"{'strikePrice': 25800, 'expiryDate': '03-Jul-2025', 'underlying': 'NIFTY', 'identifier': 'OPTIDXNIFTY03-07-2025CE25800.00', 'openInterest': 35703, 'changeinOpenInterest': 18926, 'pchangeinOpenInterest': 112.80920307563927, 'totalTradedVolume': 338158, 'impliedVolatility': 10.48, 'lastPrice': 63.5, 'change': 38.9, 'pChange': 158.13008130081298, 'totalBuyQuantity': 115275, 'totalSellQuantity': 147225, 'bidQty': 450, 'bidprice': 63.5, 'askQty': 300, 'askPrice': 64, 'underlyingValue': 25549}","{'strikePrice': 25800, 'expiryDate': '03-Jul-2025', 'underlying': 'NIFTY', 'identifier': 'OPTIDXNIFTY03-07-2025PE25800.00', 'openInterest': 4012, 'changeinOpenInterest': 3262, 'pchangeinOpenInterest': 434.93333333333334, 'totalTradedVolume': 12479, 'impliedVolatility': 14.1, 'lastPrice': 329.15, 'change': -240.70000000000005, 'pChange': -42.23918575063614, 'totalBuyQuantity': 5925, 'totalSellQuantity': 15600, 'bidQty': 75, 'bidprice': 326.95, 'askQty': 75, 'askPrice': 329.5, 'underlyingValue': 25549}"
25850,03-Jul-2025,"{'strikePrice': 25850, 'expiryDate': '03-Jul-2025', 'underlying': 'NIFTY', 'identifier': 'OPTIDXNIFTY03-07-2025CE25850.00', 'openInterest': 8887, 'changeinOpenInterest': 5753, 'pchangeinOpenInterest': 183.5673261008296, 'totalTradedVolume': 137477, 'impliedVolatility': 10.56, 'lastPrice': 51.8, 'change': 31.849999999999998, 'pChange': 159.64912280701753, 'totalBuyQuantity': 75600, 'totalSellQuantity': 38400, 'bidQty': 150, 'bidprice': 51.1, 'askQty': 150, 'askPrice': 51.9, 'underlyingValue': 25549}","{'strikePrice': 25850, 'expiryDate': '03-Jul-2025', 'underlying': 'NIFTY', 'identifier': 'OPTIDXNIFTY03-07-2025PE25850.00', 'openInterest': 206, 'changeinOpenInterest': 184, 'pchangeinOpenInterest': 836.3636363636364, 'totalTradedVolume': 884, 'impliedVolatility': 14.46, 'lastPrice': 368.1, 'change': -424.1, 'pChange': -53.53446099469831, 'totalBuyQuantity': 2775, 'totalSellQuantity': 6000, 'bidQty': 75, 'bidprice': 363.15, 'askQty': 150, 'askPrice': 367.55, 'underlyingValue': 25549}"
25900,03-Jul-2025,"{'strikePrice': 25900, 'expiryDate': '03-Jul-2025', 'underlying': 'NIFTY', 'identifier': 'OPTIDXNIFTY03-07-2025CE25900.00', 'openInterest': 20757, 'changeinOpenInterest': 7226, 'pchangeinOpenInterest': 53.403296134801565, 'totalTradedVolume': 220723, 'impliedVolatility': 10.57, 'lastPrice': 41.15, 'change': 25.4, 'pChange': 161.26984126984127, 'totalBuyQuantity': 106500, 'totalSellQuantity': 49425, 'bidQty': 150, 'bidprice': 41.25, 'askQty': 75, 'askPrice': 41.5, 'underlyingValue': 25549}","{'strikePrice': 25900, 'expiryDate': '03-Jul-2025', 'underlying': 'NIFTY', 'identifier': 'OPTIDXNIFTY03-07-2025PE25900.00', 'openInterest': 585, 'changeinOpenInterest': 468, 'pchangeinOpenInterest': 400, 'totalTradedVolume': 2191, 'impliedVolatility': 14.57, 'lastPrice': 405.35, 'change': -257.9, 'pChange': -38.88428194496796, 'totalBuyQuantity': 3975, 'totalSellQuantity': 10725, 'bidQty': 150, 'bidprice': 403.5, 'askQty': 75, 'askPrice': 409.95, 'underlyingValue': 25549}"
25950,03-Jul-2025,"{'strikePrice': 25950, 'expiryDate': '03-Jul-2025', 'underlying': 'NIFTY', 'identifier': 'OPTIDXNIFTY03-07-2025CE25950.00', 'openInterest': 6893, 'changeinOpenInterest': 4002, 'pchangeinOpenInterest': 138.4296091317883, 'totalTradedVolume': 97671, 'impliedVolatility': 10.65, 'lastPrice': 33.05, 'change': 20.249999999999996, 'pChange': 158.20312499999994, 'totalBuyQuantity': 73125, 'totalSellQuantity': 23175, 'bidQty': 300, 'bidprice': 32.6, 'askQty': 225, 'askPrice': 34, 'underlyingValue': 25549}","{'strikePrice': 25950, 'expiryDate': '03-Jul-2025', 'underlying': 'NIFTY', 'identifier': 'OPTIDXNIFTY03-07-2025PE25950.00', 'openInterest': 99, 'changeinOpenInterest': 73, 'pchangeinOpenInterest': 280.7692307692308, 'totalTradedVolume': 404, 'impliedVolatility': 15.45, 'lastPrice': 452.6, 'change': -245.89999999999998, 'pChange': -35.204008589835354, 'totalBuyQuantity': 3000, 'totalSellQuantity': 6075, 'bidQty': 225, 'bidprice': 443.4, 'askQty': 75, 'askPrice': 455.9, 'underlyingValue': 25549}"
26000,03-Jul-2025,"{'strikePrice': 26000, 'expiryDate': '03-Jul-2025', 'underlying': 'NIFTY', 'identifier': 'OPTIDXNIFTY03-07-2025CE26000.00', 'openInterest': 67518, 'changeinOpenInterest': 23223, 'pchangeinOpenInterest': 52.42803928208601, 'totalTradedVolume': 475614, 'impliedVolatility': 10.69, 'lastPrice': 26, 'change': 15.45, 'pChange': 146.44549763033174, 'totalBuyQuantity': 308475, 'totalSellQuantity': 291975, 'bidQty': 75, 'bidprice': 25.85, 'askQty': 21150, 'askPrice': 26, 'underlyingValue': 25549}","{'strikePrice': 26000, 'expiryDate': '03-Jul-2025', 'underlying': 'NIFTY', 'identifier': 'OPTIDXNIFTY03-07-2025PE26000.00', 'openInterest': 6124, 'changeinOpenInterest': 4476, 'pchangeinOpenInterest': 271.6019417475728, 'totalTradedVolume': 11930, 'impliedVolatility': 15.53, 'lastPrice': 491.7, 'change': -263.09999999999997, 'pChange': -34.85691573926868, 'totalBuyQuantity': 8925, 'totalSellQuantity': 23400, 'bidQty': 75, 'bidprice': 490, 'askQty': 75, 'askPrice': 492.1, 'underlyingValue': 25549}"
26050,03-Jul-2025,"{'strikePrice': 26050, 'expiryDate': '03-Jul-2025', 'underlying': 'NIFTY', 'identifier': 'OPTIDXNIFTY03-07-2025CE26050.00', 'openInterest': 9201, 'changeinOpenInterest': 4192, 'pchangeinOpenInterest': 83.68935915352365, 'totalTradedVolume': 67220, 'impliedVolatility': 10.65, 'lastPrice': 19.75, 'change': 11.35, 'pChange': 135.1190476190476, 'totalBuyQuantity': 73950, 'totalSellQuantity': 34500, 'bidQty': 225, 'bidprice': 19.75, 'askQty': 1350, 'askPrice': 19.95, 'underlyingValue': 25549}","{'strikePrice': 26050, 'expiryDate': '03-Jul-2025', 'underlying': 'NIFTY', 'identifier': 'OPTIDXNIFTY03-07-2025PE26050.00', 'openInterest': 19, 'changeinOpenInterest': 13, 'pchangeinOpenInterest': 216.66666666666666, 'totalTradedVolume': 15, 'impliedVolatility': 16.19, 'lastPrice': 537.9, 'change': -418.45000000000005, 'pChange': -43.75490144821457, 'totalBuyQuantity': 4650, 'totalSellQuantity': 5625, 'bidQty': 225, 'bidprice': 524.8, 'askQty': 750, 'askPrice': 556.15, 'underlyingValue': 25549}"
26100,03-Jul-2025,"{'strikePrice': 26100, 'expiryDate': '03-Jul-2025', 'underlying': 'NIFTY', 'identifier': 'OPTIDXNIFTY03-07-2025CE26100.00', 'openInterest': 21654, 'changeinOpenInterest': 7090, 'pchangeinOpenInterest': 48.68168085690744, 'totalTradedVolume': 142259, 'impliedVolatility': 10.7, 'lastPrice': 15.25, 'change': 8.6, 'pChange': 129.32330827067668, 'totalBuyQuantity': 89925, 'totalSellQuantity': 69675, 'bidQty': 150, 'bidprice': 15.25, 'askQty': 300, 'askPrice': 15.7, 'underlyingValue': 25549}","{'strikePrice': 26100, 'expiryDate': '03-Jul-2025', 'underlying': 'NIFTY', 'identifier': 'OPTIDXNIFTY03-07-2025PE26100.00', 'openInterest': 302, 'changeinOpenInterest': 250, 'pchangeinOpenInterest': 480.7692307692308, 'totalTradedVolume': 700, 'impliedVolatility': 16.38, 'lastPrice': 580, 'change': -274.65, 'pChange': -32.13596208974433, 'totalBuyQuantity': 4050, 'totalSellQuantity': 5325, 'bidQty': 75, 'bidprice': 570.95, 'askQty': 225, 'askPrice': 580, 'underlyingValue': 25549}"
26150,03-Jul-2025,"{'strikePrice': 26150, 'expiryDate': '03-Jul-2025', 'underlying': 'NIFTY', 'identifier': 'OPTIDXNIFTY03-07-2025CE26150.00', 'openInterest': 6124, 'changeinOpenInterest': 3419, 'pchangeinOpenInterest': 126.39556377079482, 'totalTradedVolume': 48923, 'impliedVolatility': 10.81, 'lastPrice': 12, 'change': 6.65, 'pChange': 124.29906542056077, 'totalBuyQuantity': 46800, 'totalSellQuantity': 32775, 'bidQty': 75, 'bidprice': 12, 'askQty': 975, 'askPrice': 12.1, 'underlyingValue': 25549}","{'strikePrice': 26150, 'expiryDate': '03-Jul-2025', 'underlying': 'NIFTY', 'identifier': 'OPTIDXNIFTY03-07-2025PE26150.00', 'openInterest': 4, 'changeinOpenInterest': 0, 'pchangeinOpenInterest': 0, 'totalTradedVolume': 0, 'impliedVolatility': 0, 'lastPrice': 0, 'change': 0, 'pChange': 0, 'totalBuyQuantity': 1200, 'totalSellQuantity': 4650, 'bidQty': 750, 'bidprice': 583.45, 'askQty': 750, 'askPrice': 669.05, 'underlyingValue': 25549}"
26200,03-Jul-2025,"{'strikePrice': 26200, 'expiryDate': '03-Jul-2025', 'underlying': 'NIFTY', 'identifier': 'OPTIDXNIFTY03-07-2025CE26200.00', 'openInterest': 38656, 'changeinOpenInterest': 9980, 'pchangeinOpenInterest': 34.80262240200865, 'totalTradedVolume': 175502, 'impliedVolatility': 10.91, 'lastPrice': 9.35, 'change': 5.1, 'pChange': 120, 'totalBuyQuantity': 175875, 'totalSellQuantity': 90975, 'bidQty': 675, 'bidprice': 9.25, 'askQty': 675, 'askPrice': 9.35, 'underlyingValue': 25549}","{'strikePrice': 26200, 'expiryDate': '03-Jul-2025', 'underlying': 'NIFTY', 'identifier': 'OPTIDXNIFTY03-07-2025PE26200.00', 'openInterest': 282, 'changeinOpenInterest': 198, 'pchangeinOpenInterest': 235.71428571428572, 'totalTradedVolume': 500, 'impliedVolatility': 21.39, 'lastPrice': 710.35, 'change': -238.10000000000002, 'pChange': -25.1041172439243, 'totalBuyQuantity': 4200, 'totalSellQuantity': 14850, 'bidQty': 75, 'bidprice': 665.25, 'askQty': 75, 'askPrice': 683.5, 'underlyingValue': 25549}"
26250,03-Jul-2025,"{'strikePrice': 26250, 'expiryDate': '03-Jul-2025', 'underlying': 'NIFTY', 'identifier': 'OPTIDXNIFTY03-07-2025CE26250.00', 'openInterest': 8869, 'changeinOpenInterest': 2735, 'pchangeinOpenInterest': 44.587544832083466, 'totalTradedVolume': 41731, 'impliedVolatility': 11.01, 'lastPrice': 7.25, 'change': 3.9, 'pChange': 116.4179104477612, 'totalBuyQuantity': 30300, 'totalSellQuantity': 36900, 'bidQty': 450, 'bidprice': 7.05, 'askQty': 300, 'askPrice': 7.5, 'underlyingValue': 25549}","{'strikePrice': 26250, 'expiryDate': '03-Jul-2025', 'underlying': 'NIFTY', 'identifier': 'OPTIDXNIFTY03-07-2025PE26250.00', 'openInterest': 5, 'changeinOpenInterest': 0, 'pchangeinOpenInterest': 0, 'totalTradedVolume': 0, 'impliedVolatility': 0, 'lastPrice': 0, 'change': 0, 'pChange': 0, 'totalBuyQuantity': 1200, 'totalSellQuantity': 4650, 'bidQty': 750, 'bidprice': 677.05, 'askQty': 750, 'askPrice': 765.55, 'underlyingValue': 25549}"
26300,03-Jul-2025,"{'strikePrice': 26300, 'expiryDate': '03-Jul-2025', 'underlying': 'NIFTY', 'identifier': 'OPTIDXNIFTY03-07-2025CE26300.00', 'openInterest': 31202, 'changeinOpenInterest': 5034, 'pchangeinOpenInterest': 19.23723631916845, 'totalTradedVolume': 123802, 'impliedVolatility': 11.06, 'lastPrice': 5.45, 'change': 2.6500000000000004, 'pChange': 94.64285714285717, 'totalBuyQuantity': 227475, 'totalSellQuantity': 43050, 'bidQty': 75, 'bidprice': 5.55, 'askQty': 975, 'askPrice': 5.65, 'underlyingValue': 25549}","{'strikePrice': 26300, 'expiryDate': '03-Jul-2025', 'underlying': 'NIFTY', 'identifier': 'OPTIDXNIFTY03-07-2025PE26300.00', 'openInterest': 61, 'changeinOpenInterest': 20, 'pchangeinOpenInterest': 48.78048780487805, 'totalTradedVolume': 106, 'impliedVolatility': 18.26, 'lastPrice': 764.7, 'change': -286.29999999999995, 'pChange': -27.240723120837295, 'totalBuyQuantity': 5100, 'totalSellQuantity': 4800, 'bidQty': 750, 'bidprice': 725.95, 'askQty': 750, 'askPrice': 813.55, 'underlyingValue': 25549}"
26350,03-Jul-2025,"{'strikePrice': 26350, 'expiryDate': '03-Jul-2025', 'underlying': 'NIFTY', 'identifier': 'OPTIDXNIFTY03-07-2025CE26350.00', 'openInterest': 11334, 'changeinOpenInterest': 2142, 'pchangeinOpenInterest': 23.302872062663184, 'totalTradedVolume': 39079, 'impliedVolatility': 11.25, 'lastPrice': 4.4, 'change': 2.1000000000000005, 'pChange': 91.30434782608698, 'totalBuyQuantity': 56250, 'totalSellQuantity': 23100, 'bidQty': 150, 'bidprice': 4.2, 'askQty': 1800, 'askPrice': 4.5, 'underlyingValue': 25549}","{'strikePrice': 26350, 'expiryDate': '03-Jul-2025', 'underlying': 'NIFTY', 'identifier': 'OPTIDXNIFTY03-07-2025PE26350.00', 'openInterest': 11, 'changeinOpenInterest': 0, 'pchangeinOpenInterest': 0, 'totalTradedVolume': 0, 'impliedVolatility': 0, 'lastPrice': 0, 'change': 0, 'pChange': 0, 'totalBuyQuantity': 1200, 'totalSellQuantity': 4650, 'bidQty': 750, 'bidprice': 773.3, 'askQty': 750, 'askPrice': 864.1, 'underlyingValue': 25549}"
26400,03-Jul-2025,"{'strikePrice': 26400, 'expiryDate': '03-Jul-2025', 'underlying': 'NIFTY', 'identifier': 'OPTIDXNIFTY03-07-2025CE26400.00', 'openInterest': 20014, 'changeinOpenInterest': 10828, 'pchangeinOpenInterest': 117.87502721532768, 'totalTradedVolume': 75778, 'impliedVolatility': 11.54, 'lastPrice': 3.75, 'change': 1.5499999999999998, 'pChange': 70.45454545454544, 'totalBuyQuantity': 209700, 'totalSellQuantity': 56175, 'bidQty': 150, 'bidprice': 3.55, 'askQty': 4500, 'askPrice': 3.75, 'underlyingValue': 25549}","{'strikePrice': 26400, 'expiryDate': '03-Jul-2025', 'underlying': 'NIFTY', 'identifier': 'OPTIDXNIFTY03-07-2025PE26400.00', 'openInterest': 30, 'changeinOpenInterest': 27, 'pchangeinOpenInterest': 900, 'totalTradedVolume': 87, 'impliedVolatility': 22.83, 'lastPrice': 887.95, 'change': -316.54999999999995, 'pChange': -26.280614362806137, 'totalBuyQuantity': 4650, 'totalSellQuantity': 4575, 'bidQty': 750, 'bidprice': 822.4, 'askQty': 150, 'askPrice': 871.1, 'underlyingValue': 25549}"
26450,03-Jul-2025,"{'strikePrice': 26450, 'expiryDate': '03-Jul-2025', 'underlying': 'NIFTY', 'identifier': 'OPTIDXNIFTY03-07-2025CE26450.00', 'openInterest': 6968, 'changeinOpenInterest': 1604, 'pchangeinOpenInterest': 29.903057419835942, 'totalTradedVolume': 21464, 'impliedVolatility': 11.71, 'lastPrice': 3, 'change': 1.05, 'pChange': 53.846153846153854, 'totalBuyQuantity': 97275, 'totalSellQuantity': 28500, 'bidQty': 225, 'bidprice': 2.9, 'askQty': 300, 'askPrice': 3.25, 'underlyingValue': 25549}","{'strikePrice': 26450, 'expiryDate': '03-Jul-2025', 'underlying': 'NIFTY', 'identifier': 'OPTIDXNIFTY03-07-2025PE26450.00', 'openInterest': 12, 'changeinOpenInterest': 0, 'pchangeinOpenInterest': 0, 'totalTradedVolume': 0, 'impliedVolatility': 0, 'lastPrice': 0, 'change': 0, 'pChange': 0, 'totalBuyQuantity': 1200, 'totalSellQuantity': 4650, 'bidQty': 750, 'bidprice': 870.4, 'askQty': 750, 'askPrice': 963.05, 'underlyingValue': 25549}"
26500,03-Jul-2025,"{'strikePrice': 26500, 'expiryDate': '03-Jul-2025', 'underlying': 'NIFTY', 'identifier': 'OPTIDXNIFTY03-07-2025CE26500.00', 'openInterest': 80242, 'changeinOpenInterest': 40517, 'pchangeinOpenInterest': 101.99370673379484, 'totalTradedVolume': 245993, 'impliedVolatility': 12.11, 'lastPrice': 2.75, 'change': 0.8, 'pChange': 41.02564102564103, 'totalBuyQuantity': 1040775, 'totalSellQuantity': 126150, 'bidQty': 75, 'bidprice': 2.7, 'askQty': 300, 'askPrice': 2.75, 'underlyingValue': 25549}","{'strikePrice': 26500, 'expiryDate': '03-Jul-2025', 'underlying': 'NIFTY', 'identifier': 'OPTIDXNIFTY03-07-2025PE26500.00', 'openInterest': 509, 'changeinOpenInterest': -621, 'pchangeinOpenInterest': -54.95575221238938, 'totalTradedVolume': 1455, 'impliedVolatility': 21.77, 'lastPrice': 965.75, 'change': -274.04999999999995, 'pChange': -22.104371672850455, 'totalBuyQuantity': 5550, 'totalSellQuantity': 6525, 'bidQty': 150, 'bidprice': 961.6, 'askQty': 75, 'askPrice': 969.9, 'underlyingValue': 25549}"
26550,03-Jul-2025,"{'strikePrice': 26550, 'expiryDate': '03-Jul-2025', 'underlying': 'NIFTY', 'identifier': 'OPTIDXNIFTY03-07-2025CE26550.00', 'openInterest': 6246, 'changeinOpenInterest': 1787, 'pchangeinOpenInterest': 40.07625028033191, 'totalTradedVolume': 25574, 'impliedVolatility': 12.38, 'lastPrice': 2.35, 'change': 0.6000000000000001, 'pChange': 34.28571428571429, 'totalBuyQuantity': 83550, 'totalSellQuantity': 27150, 'bidQty': 675, 'bidprice': 2.1, 'askQty': 375, 'askPrice': 2.35, 'underlyingValue': 25549}","{'strikePrice': 26550, 'expiryDate': '03-Jul-2025', 'underlying': 'NIFTY', 'identifier': 'OPTIDXNIFTY03-07-2025PE26550.00', 'openInterest': 11, 'changeinOpenInterest': 0, 'pchangeinOpenInterest': 0, 'totalTradedVolume': 0, 'impliedVolatility': 0, 'lastPrice': 0, 'change': 0, 'pChange': 0, 'totalBuyQuantity': 1200, 'totalSellQuantity': 4650, 'bidQty': 750, 'bidprice': 968.65, 'askQty': 750, 'askPrice': 1062.85, 'underlyingValue': 25549}"
26600,03-Jul-2025,"{'strikePrice': 26600, 'expiryDate': '03-Jul-2025', 'underlying': 'NIFTY', 'identifier': 'OPTIDXNIFTY03-07-2025CE26600.00', 'openInterest': 18795, 'changeinOpenInterest': 8171, 'pchangeinOpenInterest': 76.91076807228916, 'totalTradedVolume': 56283, 'impliedVolatility': 12.46, 'lastPrice': 1.8, 'change': 0.15000000000000013, 'pChange': 9.090909090909099, 'totalBuyQuantity': 1314525, 'totalSellQuantity': 51525, 'bidQty': 22725, 'bidprice': 1.75, 'askQty': 150, 'askPrice': 1.8, 'underlyingValue': 25549}","{'strikePrice': 26600, 'expiryDate': '03-Jul-2025', 'underlying': 'NIFTY', 'identifier': 'OPTIDXNIFTY03-07-2025PE26600.00', 'openInterest': 12, 'changeinOpenInterest': 1, 'pchangeinOpenInterest': 9.090909090909092, 'totalTradedVolume': 25, 'impliedVolatility': 25.17, 'lastPrice': 1078.6, 'change': -468.25, 'pChange': -30.271196302162462, 'totalBuyQuantity': 3975, 'totalSellQuantity': 4275, 'bidQty': 75, 'bidprice': 1019.1, 'askQty': 150, 'askPrice': 1069.6, 'underlyingValue': 25549}"
26650,03-Jul-2025,"{'strikePrice': 26650, 'expiryDate': '03-Jul-2025', 'underlying': 'NIFTY', 'identifier': 'OPTIDXNIFTY03-07-2025CE26650.00', 'openInterest': 4134, 'changeinOpenInterest': 3384, 'pchangeinOpenInterest': 451.2, 'totalTradedVolume': 10601, 'impliedVolatility': 12.88, 'lastPrice': 1.7, 'change': 0, 'pChange': 0, 'totalBuyQuantity': 150150, 'totalSellQuantity': 36750, 'bidQty': 1275, 'bidprice': 1.55, 'askQty': 675, 'askPrice': 1.65, 'underlyingValue': 25549}","{'strikePrice': 26650, 'expiryDate': '03-Jul-2025', 'underlying': 'NIFTY', 'identifier': 'OPTIDXNIFTY03-07-2025PE26650.00', 'openInterest': 11, 'changeinOpenInterest': 0, 'pchangeinOpenInterest': 0, 'totalTradedVolume': 0, 'impliedVolatility': 0, 'lastPrice': 0, 'change': 0, 'pChange': 0, 'totalBuyQuantity': 1200, 'totalSellQuantity': 4650, 'bidQty': 750, 'bidprice': 1067.15, 'askQty': 750, 'askPrice': 1162.85, 'underlyingValue': 25549}"
26700,03-Jul-2025,"{'strikePrice': 26700, 'expiryDate': '03-Jul-2025', 'underlying': 'NIFTY', 'identifier': 'OPTIDXNIFTY03-07-2025CE26700.00', 'openInterest': 12231, 'changeinOpenInterest': 10728, 'pchangeinOpenInterest': 713.7724550898204, 'totalTradedVolume': 40375, 'impliedVolatility': 13.12, 'lastPrice': 1.45, 'change': -0.19999999999999996, 'pChange': -12.12121212121212, 'totalBuyQuantity': 1446300, 'totalSellQuantity': 235725, 'bidQty': 53325, 'bidprice': 1.4, 'askQty': 5550, 'askPrice': 1.45, 'underlyingValue': 25549}","{'strikePrice': 26700, 'expiryDate': '03-Jul-2025', 'underlying': 'NIFTY', 'identifier': 'OPTIDXNIFTY03-07-2025PE26700.00', 'openInterest': 10, 'changeinOpenInterest': 0, 'pchangeinOpenInterest': 0, 'totalTradedVolume': 0, 'impliedVolatility': 0, 'lastPrice': 0, 'change': 0, 'pChange': 0, 'totalBuyQuantity': 1200, 'totalSellQuantity': 4650, 'bidQty': 750, 'bidprice': 1116.6, 'askQty': 750, 'askPrice': 1212.9, 'underlyingValue': 25549}"
26750,03-Jul-2025,"{'strikePrice': 26750, 'expiryDate': '03-Jul-2025', 'underlying': 'NIFTY', 'identifier': 'OPTIDXNIFTY03-07-2025CE26750.00', 'openInterest': 6801, 'changeinOpenInterest': 5914, 'pchangeinOpenInterest': 666.7418263810597, 'totalTradedVolume': 14295, 'impliedVolatility': 13.5, 'lastPrice': 1.35, 'change': -0.2999999999999998, 'pChange': -18.181818181818173, 'totalBuyQuantity': 516375, 'totalSellQuantity': 71775, 'bidQty': 675, 'bidprice': 1.3, 'askQty': 11100, 'askPrice': 1.35, 'underlyingValue': 25549}","{'strikePrice': 26750, 'expiryDate': '03-Jul-2025', 'underlying': 'NIFTY', 'identifier': 'OPTIDXNIFTY03-07-2025PE26750.00', 'openInterest': 10, 'changeinOpenInterest': 0, 'pchangeinOpenInterest': 0, 'totalTradedVolume': 0, 'impliedVolatility': 0, 'lastPrice': 0, 'change': 0, 'pChange': 0, 'totalBuyQuantity': 1200, 'totalSellQuantity': 4650, 'bidQty': 750, 'bidprice': 1166, 'askQty': 750, 'askPrice': 1263, 'underlyingValue': 25549}"
26800,03-Jul-2025,"{'strikePrice': 26800, 'expiryDate': '03-Jul-2025', 'underlying': 'NIFTY', 'identifier': 'OPTIDXNIFTY03-07-2025CE26800.00', 'openInterest': 15025, 'changeinOpenInterest': 12880, 'pchangeinOpenInterest': 600.4662004662005, 'totalTradedVolume': 57124, 'impliedVolatility': 13.93, 'lastPrice': 1.3, 'change': -0.3999999999999999, 'pChange': -23.529411764705877, 'totalBuyQuantity': 1419675, 'totalSellQuantity': 109575, 'bidQty': 40875, 'bidprice': 1.25, 'askQty': 300, 'askPrice': 1.3, 'underlyingValue': 25549}","{'strikePrice': 26800, 'expiryDate': '03-Jul-2025', 'underlying': 'NIFTY', 'identifier': 'OPTIDXNIFTY03-07-2025PE26800.00', 'openInterest': 10, 'changeinOpenInterest': -1, 'pchangeinOpenInterest': -9.090909090909092, 'totalTradedVolume': 3, 'impliedVolatility': 27.96, 'lastPrice': 1275, 'change': -449.6500000000001, 'pChange': -26.071956628881228, 'totalBuyQuantity': 4650, 'totalSellQuantity': 5100, 'bidQty': 750, 'bidprice': 1215.65, 'askQty': 750, 'askPrice': 1313.15, 'underlyingValue': 25549}"
26850,03-Jul-2025,"{'strikePrice': 26850, 'expiryDate': '03-Jul-2025', 'underlying': 'NIFTY', 'identifier': 'OPTIDXNIFTY03-07-2025CE26850.00', 'openInterest': 7894, 'changeinOpenInterest': 7570, 'pchangeinOpenInterest': 2336.41975308642, 'totalTradedVolume': 17974, 'impliedVolatility': 14.28, 'lastPrice': 1.2, 'change': -0.5, 'pChange': -29.411764705882355, 'totalBuyQuantity': 852300, 'totalSellQuantity': 199650, 'bidQty': 14700, 'bidprice': 1.2, 'askQty': 27525, 'askPrice': 1.25, 'underlyingValue': 25549}","{'strikePrice': 26850, 'expiryDate': '03-Jul-2025', 'underlying': 'NIFTY', 'identifier': 'OPTIDXNIFTY03-07-2025PE26850.00', 'openInterest': 10, 'changeinOpenInterest': 0, 'pchangeinOpenInterest': 0, 'totalTradedVolume': 3, 'impliedVolatility': 30.83, 'lastPrice': 1340, 'change': -450.45000000000005, 'pChange': -25.1584797118043, 'totalBuyQuantity': 4725, 'totalSellQuantity': 4875, 'bidQty': 825, 'bidprice': 1294.55, 'askQty': 750, 'askPrice': 1332, 'underlyingValue': 25549}"
26900,03-Jul-2025,"{'strikePrice': 26900, 'expiryDate': '03-Jul-2025', 'underlying': 'NIFTY', 'identifier': 'OPTIDXNIFTY03-07-2025CE26900.00', 'openInterest': 40688, 'changeinOpenInterest': 16065, 'pchangeinOpenInterest': 65.2438776753442, 'totalTradedVolume': 117881, 'impliedVolatility': 14.69, 'lastPrice': 1.15, 'change': -0.55, 'pChange': -32.35294117647059, 'totalBuyQuantity': 2368350, 'totalSellQuantity': 605175, 'bidQty': 151275, 'bidprice': 1.15, 'askQty': 133275, 'askPrice': 1.2, 'underlyingValue': 25549}","{'strikePrice': 26900, 'expiryDate': '03-Jul-2025', 'underlying': 'NIFTY', 'identifier': 'OPTIDXNIFTY03-07-2025PE26900.00', 'openInterest': 97, 'changeinOpenInterest': 17, 'pchangeinOpenInterest': 21.25, 'totalTradedVolume': 20, 'impliedVolatility': 27.19, 'lastPrice': 1360, 'change': -271.8499999999999, 'pChange': -16.65900664889542, 'totalBuyQuantity': 4650, 'totalSellQuantity': 4125, 'bidQty': 675, 'bidprice': 1360, 'askQty': 75, 'askPrice': 1372.75, 'underlyingValue': 25549}"
26950,03-Jul-2025,"{'strikePrice': 26950, 'expiryDate': '03-Jul-2025', 'underlying': 'NIFTY', 'identifier': 'OPTIDXNIFTY03-07-2025CE26950.00', 'openInterest': 20925, 'changeinOpenInterest': 0, 'pchangeinOpenInterest': 0, 'totalTradedVolume': 43650, 'impliedVolatility': 15.09, 'lastPrice': 1.1, 'change': -54.5, 'pChange': -98.02158273381295, 'totalBuyQuantity': 1730100, 'totalSellQuantity': 472200, 'bidQty': 124425, 'bidprice': 1.05, 'askQty': 234300, 'askPrice': 1.1, 'underlyingValue': 25549}","{'strikePrice': 26950, 'expiryDate': '03-Jul-2025', 'underlying': 'NIFTY', 'identifier': 'OPTIDXNIFTY03-07-2025PE26950.00', 'openInterest': 0, 'changeinOpenInterest': 0, 'pchangeinOpenInterest': 0, 'totalTradedVolume': 0, 'impliedVolatility': 0, 'lastPrice': 0, 'change': 0, 'pChange': 0, 'totalBuyQuantity': 0, 'totalSellQuantity': 4200, 'bidQty': 0, 'bidprice': 0, 'askQty': 750, 'askPrice': 1517.3, 'underlyingValue': 25549}"
27000,03-Jul-2025,"{'strikePrice': 27000, 'expiryDate': '03-Jul-2025', 'underlying': 'NIFTY', 'identifier': 'OPTIDXNIFTY03-07-2025CE27000.00', 'openInterest': 62018, 'changeinOpenInterest': 0, 'pchangeinOpenInterest': 0, 'totalTradedVolume': 173455, 'impliedVolatility': 15.48, 'lastPrice': 1.05, 'change': -50.900000000000006, 'pChange': -97.97882579403273, 'totalBuyQuantity': 2731050, 'totalSellQuantity': 1015575, 'bidQty': 207375, 'bidprice': 1.05, 'askQty': 343200, 'askPrice': 1.1, 'underlyingValue': 25549}","{'strikePrice': 27000, 'expiryDate': '03-Jul-2025', 'underlying': 'NIFTY', 'identifier': 'OPTIDXNIFTY03-07-2025PE27000.00', 'openInterest': 1089, 'changeinOpenInterest': 0, 'pchangeinOpenInterest': 0, 'totalTradedVolume': 1107, 'impliedVolatility': 28.59, 'lastPrice': 1459.4, 'change': -777.0499999999997, 'pChange': -34.744796440787844, 'totalBuyQuantity': 5625, 'totalSellQuantity': 5100, 'bidQty': 300, 'bidprice': 1456.95, 'askQty': 75, 'askPrice': 1465.65, 'underlyingValue': 25549}"
